<annotation>
	<folder>input</folder>
	<filename>1.jpg</filename>
	<path>C:\Users\Swetha\Desktop\annotation\input\1.jpg</path>
	<source>
		<database>Unknown</database>
	</source>
	<size>
		<width>2428</width>
		<height>2068</height>
		<depth>3</depth>
	</size>
	<segmented>0</segmented>
	<object>
		<name>arena</name>
		<pose>Unspecified</pose>
		<truncated>0</truncated>
		<difficult>0</difficult>
		<bndbox>
			<xmin>79</xmin>
			<ymin>369</ymin>
			<xmax>2301</xmax>
			<ymax>1611</ymax>
		</bndbox>
	</object>
	<object>
		<name>bot</name>
		<pose>Unspecified</pose>
		<truncated>0</truncated>
		<difficult>0</difficult>
		<bndbox>
			<xmin>953</xmin>
			<ymin>376</ymin>
			<xmax>1046</xmax>
			<ymax>469</ymax>
		</bndbox>
	</object>
	<object>
		<name>bot</name>
		<pose>Unspecified</pose>
		<truncated>0</truncated>
		<difficult>0</difficult>
		<bndbox>
			<xmin>1073</xmin>
			<ymin>367</ymin>
			<xmax>1164</xmax>
			<ymax>469</ymax>
		</bndbox>
	</object>
	<object>
		<name>bot</name>
		<pose>Unspecified</pose>
		<truncated>0</truncated>
		<difficult>0</difficult>
		<bndbox>
			<xmin>1197</xmin>
			<ymin>367</ymin>
			<xmax>1290</xmax>
			<ymax>458</ymax>
		</bndbox>
	</object>
	<object>
		<name>bot</name>
		<pose>Unspecified</pose>
		<truncated>0</truncated>
		<difficult>0</difficult>
		<bndbox>
			<xmin>1308</xmin>
			<ymin>380</ymin>
			<xmax>1408</xmax>
			<ymax>469</ymax>
		</bndbox>
	</object>
</annotation>
