<annotation>
	<folder>input</folder>
	<filename>10.jpg</filename>
	<path>C:\Users\Swetha\Desktop\annotation\input\10.jpg</path>
	<source>
		<database>Unknown</database>
	</source>
	<size>
		<width>2416</width>
		<height>2120</height>
		<depth>3</depth>
	</size>
	<segmented>0</segmented>
	<object>
		<name>arena</name>
		<pose>Unspecified</pose>
		<truncated>0</truncated>
		<difficult>0</difficult>
		<bndbox>
			<xmin>88</xmin>
			<ymin>398</ymin>
			<xmax>2334</xmax>
			<ymax>1675</ymax>
		</bndbox>
	</object>
	<object>
		<name>bot</name>
		<pose>Unspecified</pose>
		<truncated>0</truncated>
		<difficult>0</difficult>
		<bndbox>
			<xmin>1107</xmin>
			<ymin>398</ymin>
			<xmax>1202</xmax>
			<ymax>496</ymax>
		</bndbox>
	</object>
	<object>
		<name>bot</name>
		<pose>Unspecified</pose>
		<truncated>0</truncated>
		<difficult>0</difficult>
		<bndbox>
			<xmin>1245</xmin>
			<ymin>389</ymin>
			<xmax>1336</xmax>
			<ymax>484</ymax>
		</bndbox>
	</object>
	<object>
		<name>bot</name>
		<pose>Unspecified</pose>
		<truncated>0</truncated>
		<difficult>0</difficult>
		<bndbox>
			<xmin>1363</xmin>
			<ymin>391</ymin>
			<xmax>1463</xmax>
			<ymax>489</ymax>
		</bndbox>
	</object>
	<object>
		<name>bot</name>
		<pose>Unspecified</pose>
		<truncated>0</truncated>
		<difficult>0</difficult>
		<bndbox>
			<xmin>843</xmin>
			<ymin>1434</ymin>
			<xmax>945</xmax>
			<ymax>1541</ymax>
		</bndbox>
	</object>
</annotation>
