<annotation>
	<folder>input</folder>
	<filename>100.jpg</filename>
	<path>C:\Users\Swetha\Desktop\annotation\input\100.jpg</path>
	<source>
		<database>Unknown</database>
	</source>
	<size>
		<width>4000</width>
		<height>3000</height>
		<depth>3</depth>
	</size>
	<segmented>0</segmented>
	<object>
		<name>arena</name>
		<pose>Unspecified</pose>
		<truncated>0</truncated>
		<difficult>0</difficult>
		<bndbox>
			<xmin>472</xmin>
			<ymin>209</ymin>
			<xmax>3647</xmax>
			<ymax>2015</ymax>
		</bndbox>
	</object>
	<object>
		<name>bot</name>
		<pose>Unspecified</pose>
		<truncated>0</truncated>
		<difficult>0</difficult>
		<bndbox>
			<xmin>1701</xmin>
			<ymin>1489</ymin>
			<xmax>1853</xmax>
			<ymax>1635</ymax>
		</bndbox>
	</object>
	<object>
		<name>bot</name>
		<pose>Unspecified</pose>
		<truncated>0</truncated>
		<difficult>0</difficult>
		<bndbox>
			<xmin>1901</xmin>
			<ymin>1473</ymin>
			<xmax>2027</xmax>
			<ymax>1622</ymax>
		</bndbox>
	</object>
	<object>
		<name>bot</name>
		<pose>Unspecified</pose>
		<truncated>0</truncated>
		<difficult>0</difficult>
		<bndbox>
			<xmin>2279</xmin>
			<ymin>1522</ymin>
			<xmax>2411</xmax>
			<ymax>1651</ymax>
		</bndbox>
	</object>
	<object>
		<name>bot</name>
		<pose>Unspecified</pose>
		<truncated>0</truncated>
		<difficult>0</difficult>
		<bndbox>
			<xmin>2989</xmin>
			<ymin>1867</ymin>
			<xmax>3134</xmax>
			<ymax>1993</ymax>
		</bndbox>
	</object>
</annotation>
