<annotation>
	<folder>input</folder>
	<filename>101.jpg</filename>
	<path>C:\Users\Swetha\Desktop\annotation\input\101.jpg</path>
	<source>
		<database>Unknown</database>
	</source>
	<size>
		<width>4000</width>
		<height>3000</height>
		<depth>3</depth>
	</size>
	<segmented>0</segmented>
	<object>
		<name>arena</name>
		<pose>Unspecified</pose>
		<truncated>0</truncated>
		<difficult>0</difficult>
		<bndbox>
			<xmin>621</xmin>
			<ymin>302</ymin>
			<xmax>3789</xmax>
			<ymax>2157</ymax>
		</bndbox>
	</object>
	<object>
		<name>bot</name>
		<pose>Unspecified</pose>
		<truncated>0</truncated>
		<difficult>0</difficult>
		<bndbox>
			<xmin>1882</xmin>
			<ymin>1615</ymin>
			<xmax>2008</xmax>
			<ymax>1751</ymax>
		</bndbox>
	</object>
	<object>
		<name>bot</name>
		<pose>Unspecified</pose>
		<truncated>0</truncated>
		<difficult>0</difficult>
		<bndbox>
			<xmin>2060</xmin>
			<ymin>1612</ymin>
			<xmax>2201</xmax>
			<ymax>1751</ymax>
		</bndbox>
	</object>
	<object>
		<name>bot</name>
		<pose>Unspecified</pose>
		<truncated>0</truncated>
		<difficult>0</difficult>
		<bndbox>
			<xmin>2240</xmin>
			<ymin>1628</ymin>
			<xmax>2372</xmax>
			<ymax>1754</ymax>
		</bndbox>
	</object>
	<object>
		<name>bot</name>
		<pose>Unspecified</pose>
		<truncated>0</truncated>
		<difficult>0</difficult>
		<bndbox>
			<xmin>2447</xmin>
			<ymin>1651</ymin>
			<xmax>2589</xmax>
			<ymax>1799</ymax>
		</bndbox>
	</object>
</annotation>
