<annotation>
	<folder>input</folder>
	<filename>103.jpg</filename>
	<path>C:\Users\Swetha\Desktop\annotation\input\103.jpg</path>
	<source>
		<database>Unknown</database>
	</source>
	<size>
		<width>4000</width>
		<height>3000</height>
		<depth>3</depth>
	</size>
	<segmented>0</segmented>
	<object>
		<name>arena</name>
		<pose>Unspecified</pose>
		<truncated>0</truncated>
		<difficult>0</difficult>
		<bndbox>
			<xmin>301</xmin>
			<ymin>25</ymin>
			<xmax>3763</xmax>
			<ymax>1825</ymax>
		</bndbox>
	</object>
	<object>
		<name>bot</name>
		<pose>Unspecified</pose>
		<truncated>0</truncated>
		<difficult>0</difficult>
		<bndbox>
			<xmin>1018</xmin>
			<ymin>1573</ymin>
			<xmax>1166</xmax>
			<ymax>1735</ymax>
		</bndbox>
	</object>
	<object>
		<name>bot</name>
		<pose>Unspecified</pose>
		<truncated>0</truncated>
		<difficult>0</difficult>
		<bndbox>
			<xmin>1911</xmin>
			<ymin>1347</ymin>
			<xmax>2069</xmax>
			<ymax>1493</ymax>
		</bndbox>
	</object>
	<object>
		<name>bot</name>
		<pose>Unspecified</pose>
		<truncated>0</truncated>
		<difficult>0</difficult>
		<bndbox>
			<xmin>2114</xmin>
			<ymin>1331</ymin>
			<xmax>2266</xmax>
			<ymax>1486</ymax>
		</bndbox>
	</object>
	<object>
		<name>bot</name>
		<pose>Unspecified</pose>
		<truncated>0</truncated>
		<difficult>0</difficult>
		<bndbox>
			<xmin>2914</xmin>
			<ymin>1518</ymin>
			<xmax>3050</xmax>
			<ymax>1664</ymax>
		</bndbox>
	</object>
</annotation>
