<annotation>
	<folder>input</folder>
	<filename>106.jpg</filename>
	<path>C:\Users\Swetha\Desktop\annotation\input\106.jpg</path>
	<source>
		<database>Unknown</database>
	</source>
	<size>
		<width>4000</width>
		<height>3000</height>
		<depth>3</depth>
	</size>
	<segmented>0</segmented>
	<object>
		<name>arena</name>
		<pose>Unspecified</pose>
		<truncated>0</truncated>
		<difficult>0</difficult>
		<bndbox>
			<xmin>572</xmin>
			<ymin>286</ymin>
			<xmax>3901</xmax>
			<ymax>2125</ymax>
		</bndbox>
	</object>
	<object>
		<name>bot</name>
		<pose>Unspecified</pose>
		<truncated>0</truncated>
		<difficult>0</difficult>
		<bndbox>
			<xmin>1721</xmin>
			<ymin>1789</ymin>
			<xmax>1853</xmax>
			<ymax>1947</ymax>
		</bndbox>
	</object>
	<object>
		<name>bot</name>
		<pose>Unspecified</pose>
		<truncated>0</truncated>
		<difficult>0</difficult>
		<bndbox>
			<xmin>2076</xmin>
			<ymin>1583</ymin>
			<xmax>2221</xmax>
			<ymax>1738</ymax>
		</bndbox>
	</object>
	<object>
		<name>bot</name>
		<pose>Unspecified</pose>
		<truncated>0</truncated>
		<difficult>0</difficult>
		<bndbox>
			<xmin>2263</xmin>
			<ymin>686</ymin>
			<xmax>2398</xmax>
			<ymax>828</ymax>
		</bndbox>
	</object>
	<object>
		<name>bot</name>
		<pose>Unspecified</pose>
		<truncated>0</truncated>
		<difficult>0</difficult>
		<bndbox>
			<xmin>3601</xmin>
			<ymin>1754</ymin>
			<xmax>3737</xmax>
			<ymax>1896</ymax>
		</bndbox>
	</object>
</annotation>
