<annotation>
	<folder>input</folder>
	<filename>107.jpg</filename>
	<path>C:\Users\Swetha\Desktop\annotation\input\107.jpg</path>
	<source>
		<database>Unknown</database>
	</source>
	<size>
		<width>4000</width>
		<height>3000</height>
		<depth>3</depth>
	</size>
	<segmented>0</segmented>
	<object>
		<name>arena</name>
		<pose>Unspecified</pose>
		<truncated>0</truncated>
		<difficult>0</difficult>
		<bndbox>
			<xmin>401</xmin>
			<ymin>389</ymin>
			<xmax>3821</xmax>
			<ymax>2228</ymax>
		</bndbox>
	</object>
	<object>
		<name>bot</name>
		<pose>Unspecified</pose>
		<truncated>0</truncated>
		<difficult>0</difficult>
		<bndbox>
			<xmin>995</xmin>
			<ymin>2109</ymin>
			<xmax>1147</xmax>
			<ymax>2251</ymax>
		</bndbox>
	</object>
	<object>
		<name>bot</name>
		<pose>Unspecified</pose>
		<truncated>0</truncated>
		<difficult>0</difficult>
		<bndbox>
			<xmin>1582</xmin>
			<ymin>1922</ymin>
			<xmax>1718</xmax>
			<ymax>2073</ymax>
		</bndbox>
	</object>
	<object>
		<name>bot</name>
		<pose>Unspecified</pose>
		<truncated>0</truncated>
		<difficult>0</difficult>
		<bndbox>
			<xmin>2127</xmin>
			<ymin>802</ymin>
			<xmax>2282</xmax>
			<ymax>938</ymax>
		</bndbox>
	</object>
	<object>
		<name>bot</name>
		<pose>Unspecified</pose>
		<truncated>0</truncated>
		<difficult>0</difficult>
		<bndbox>
			<xmin>3492</xmin>
			<ymin>1876</ymin>
			<xmax>3640</xmax>
			<ymax>2009</ymax>
		</bndbox>
	</object>
</annotation>
