<annotation>
	<folder>input</folder>
	<filename>108.jpg</filename>
	<path>C:\Users\Swetha\Desktop\annotation\input\108.jpg</path>
	<source>
		<database>Unknown</database>
	</source>
	<size>
		<width>4000</width>
		<height>3000</height>
		<depth>3</depth>
	</size>
	<segmented>0</segmented>
	<object>
		<name>arena</name>
		<pose>Unspecified</pose>
		<truncated>0</truncated>
		<difficult>0</difficult>
		<bndbox>
			<xmin>379</xmin>
			<ymin>289</ymin>
			<xmax>3953</xmax>
			<ymax>2141</ymax>
		</bndbox>
	</object>
	<object>
		<name>bot</name>
		<pose>Unspecified</pose>
		<truncated>0</truncated>
		<difficult>0</difficult>
		<bndbox>
			<xmin>1037</xmin>
			<ymin>2096</ymin>
			<xmax>1201</xmax>
			<ymax>2244</ymax>
		</bndbox>
	</object>
	<object>
		<name>bot</name>
		<pose>Unspecified</pose>
		<truncated>0</truncated>
		<difficult>0</difficult>
		<bndbox>
			<xmin>1821</xmin>
			<ymin>1293</ymin>
			<xmax>1989</xmax>
			<ymax>1454</ymax>
		</bndbox>
	</object>
	<object>
		<name>bot</name>
		<pose>Unspecified</pose>
		<truncated>0</truncated>
		<difficult>0</difficult>
		<bndbox>
			<xmin>2198</xmin>
			<ymin>693</ymin>
			<xmax>2340</xmax>
			<ymax>828</ymax>
		</bndbox>
	</object>
	<object>
		<name>bot</name>
		<pose>Unspecified</pose>
		<truncated>0</truncated>
		<difficult>0</difficult>
		<bndbox>
			<xmin>3627</xmin>
			<ymin>1789</ymin>
			<xmax>3776</xmax>
			<ymax>1944</ymax>
		</bndbox>
	</object>
</annotation>
