<annotation>
	<folder>input</folder>
	<filename>109.jpg</filename>
	<path>C:\Users\Swetha\Desktop\annotation\input\109.jpg</path>
	<source>
		<database>Unknown</database>
	</source>
	<size>
		<width>4000</width>
		<height>3000</height>
		<depth>3</depth>
	</size>
	<segmented>0</segmented>
	<object>
		<name>arena</name>
		<pose>Unspecified</pose>
		<truncated>0</truncated>
		<difficult>0</difficult>
		<bndbox>
			<xmin>463</xmin>
			<ymin>147</ymin>
			<xmax>3931</xmax>
			<ymax>2115</ymax>
		</bndbox>
	</object>
	<object>
		<name>bot</name>
		<pose>Unspecified</pose>
		<truncated>0</truncated>
		<difficult>0</difficult>
		<bndbox>
			<xmin>1005</xmin>
			<ymin>1918</ymin>
			<xmax>1172</xmax>
			<ymax>2057</ymax>
		</bndbox>
	</object>
	<object>
		<name>bot</name>
		<pose>Unspecified</pose>
		<truncated>0</truncated>
		<difficult>0</difficult>
		<bndbox>
			<xmin>1831</xmin>
			<ymin>1167</ymin>
			<xmax>1982</xmax>
			<ymax>1322</ymax>
		</bndbox>
	</object>
	<object>
		<name>bot</name>
		<pose>Unspecified</pose>
		<truncated>0</truncated>
		<difficult>0</difficult>
		<bndbox>
			<xmin>2221</xmin>
			<ymin>1744</ymin>
			<xmax>2353</xmax>
			<ymax>1899</ymax>
		</bndbox>
	</object>
	<object>
		<name>bot</name>
		<pose>Unspecified</pose>
		<truncated>0</truncated>
		<difficult>0</difficult>
		<bndbox>
			<xmin>3589</xmin>
			<ymin>1735</ymin>
			<xmax>3743</xmax>
			<ymax>1883</ymax>
		</bndbox>
	</object>
</annotation>
