<annotation>
	<folder>input</folder>
	<filename>11.jpg</filename>
	<path>C:\Users\Swetha\Desktop\annotation\input\11.jpg</path>
	<source>
		<database>Unknown</database>
	</source>
	<size>
		<width>2328</width>
		<height>1920</height>
		<depth>3</depth>
	</size>
	<segmented>0</segmented>
	<object>
		<name>arena</name>
		<pose>Unspecified</pose>
		<truncated>0</truncated>
		<difficult>0</difficult>
		<bndbox>
			<xmin>75</xmin>
			<ymin>347</ymin>
			<xmax>2144</xmax>
			<ymax>1516</ymax>
		</bndbox>
	</object>
	<object>
		<name>bot</name>
		<pose>Unspecified</pose>
		<truncated>0</truncated>
		<difficult>0</difficult>
		<bndbox>
			<xmin>655</xmin>
			<ymin>1300</ymin>
			<xmax>753</xmax>
			<ymax>1390</ymax>
		</bndbox>
	</object>
	<object>
		<name>bot</name>
		<pose>Unspecified</pose>
		<truncated>0</truncated>
		<difficult>0</difficult>
		<bndbox>
			<xmin>1000</xmin>
			<ymin>349</ymin>
			<xmax>1087</xmax>
			<ymax>443</ymax>
		</bndbox>
	</object>
	<object>
		<name>bot</name>
		<pose>Unspecified</pose>
		<truncated>0</truncated>
		<difficult>0</difficult>
		<bndbox>
			<xmin>1124</xmin>
			<ymin>351</ymin>
			<xmax>1216</xmax>
			<ymax>435</ymax>
		</bndbox>
	</object>
	<object>
		<name>bot</name>
		<pose>Unspecified</pose>
		<truncated>0</truncated>
		<difficult>0</difficult>
		<bndbox>
			<xmin>1236</xmin>
			<ymin>349</ymin>
			<xmax>1322</xmax>
			<ymax>433</ymax>
		</bndbox>
	</object>
</annotation>
