<annotation>
	<folder>input</folder>
	<filename>112.jpg</filename>
	<path>C:\Users\Swetha\Desktop\annotation\input\112.jpg</path>
	<source>
		<database>Unknown</database>
	</source>
	<size>
		<width>4000</width>
		<height>3000</height>
		<depth>3</depth>
	</size>
	<segmented>0</segmented>
	<object>
		<name>arena</name>
		<pose>Unspecified</pose>
		<truncated>0</truncated>
		<difficult>0</difficult>
		<bndbox>
			<xmin>401</xmin>
			<ymin>535</ymin>
			<xmax>3872</xmax>
			<ymax>2464</ymax>
		</bndbox>
	</object>
	<object>
		<name>bot</name>
		<pose>Unspecified</pose>
		<truncated>0</truncated>
		<difficult>0</difficult>
		<bndbox>
			<xmin>1837</xmin>
			<ymin>760</ymin>
			<xmax>1985</xmax>
			<ymax>928</ymax>
		</bndbox>
	</object>
	<object>
		<name>bot</name>
		<pose>Unspecified</pose>
		<truncated>0</truncated>
		<difficult>0</difficult>
		<bndbox>
			<xmin>2360</xmin>
			<ymin>776</ymin>
			<xmax>2508</xmax>
			<ymax>925</ymax>
		</bndbox>
	</object>
	<object>
		<name>bot</name>
		<pose>Unspecified</pose>
		<truncated>0</truncated>
		<difficult>0</difficult>
		<bndbox>
			<xmin>1992</xmin>
			<ymin>2109</ymin>
			<xmax>2137</xmax>
			<ymax>2273</ymax>
		</bndbox>
	</object>
	<object>
		<name>bot</name>
		<pose>Unspecified</pose>
		<truncated>0</truncated>
		<difficult>0</difficult>
		<bndbox>
			<xmin>2185</xmin>
			<ymin>2118</ymin>
			<xmax>2350</xmax>
			<ymax>2280</ymax>
		</bndbox>
	</object>
</annotation>
