<annotation>
	<folder>input</folder>
	<filename>12.jpg</filename>
	<path>C:\Users\Swetha\Desktop\annotation\input\12.jpg</path>
	<source>
		<database>Unknown</database>
	</source>
	<size>
		<width>2348</width>
		<height>1960</height>
		<depth>3</depth>
	</size>
	<segmented>0</segmented>
	<object>
		<name>arena</name>
		<pose>Unspecified</pose>
		<truncated>0</truncated>
		<difficult>0</difficult>
		<bndbox>
			<xmin>81</xmin>
			<ymin>355</ymin>
			<xmax>2194</xmax>
			<ymax>1525</ymax>
		</bndbox>
	</object>
	<object>
		<name>bot</name>
		<pose>Unspecified</pose>
		<truncated>0</truncated>
		<difficult>0</difficult>
		<bndbox>
			<xmin>548</xmin>
			<ymin>1315</ymin>
			<xmax>646</xmax>
			<ymax>1402</ymax>
		</bndbox>
	</object>
	<object>
		<name>bot</name>
		<pose>Unspecified</pose>
		<truncated>0</truncated>
		<difficult>0</difficult>
		<bndbox>
			<xmin>1042</xmin>
			<ymin>361</ymin>
			<xmax>1140</xmax>
			<ymax>444</ymax>
		</bndbox>
	</object>
	<object>
		<name>bot</name>
		<pose>Unspecified</pose>
		<truncated>0</truncated>
		<difficult>0</difficult>
		<bndbox>
			<xmin>1173</xmin>
			<ymin>348</ymin>
			<xmax>1260</xmax>
			<ymax>438</ymax>
		</bndbox>
	</object>
	<object>
		<name>bot</name>
		<pose>Unspecified</pose>
		<truncated>0</truncated>
		<difficult>0</difficult>
		<bndbox>
			<xmin>1279</xmin>
			<ymin>361</ymin>
			<xmax>1377</xmax>
			<ymax>438</ymax>
		</bndbox>
	</object>
</annotation>
