<annotation>
	<folder>input</folder>
	<filename>125.jpg</filename>
	<path>C:\Users\Swetha\Desktop\annotation\input\125.jpg</path>
	<source>
		<database>Unknown</database>
	</source>
	<size>
		<width>4000</width>
		<height>3000</height>
		<depth>3</depth>
	</size>
	<segmented>0</segmented>
	<object>
		<name>arena</name>
		<pose>Unspecified</pose>
		<truncated>0</truncated>
		<difficult>0</difficult>
		<bndbox>
			<xmin>234</xmin>
			<ymin>618</ymin>
			<xmax>3753</xmax>
			<ymax>2696</ymax>
		</bndbox>
	</object>
	<object>
		<name>bot</name>
		<pose>Unspecified</pose>
		<truncated>0</truncated>
		<difficult>0</difficult>
		<bndbox>
			<xmin>1592</xmin>
			<ymin>1664</ymin>
			<xmax>1747</xmax>
			<ymax>1815</ymax>
		</bndbox>
	</object>
	<object>
		<name>bot</name>
		<pose>Unspecified</pose>
		<truncated>0</truncated>
		<difficult>0</difficult>
		<bndbox>
			<xmin>1792</xmin>
			<ymin>1115</ymin>
			<xmax>1940</xmax>
			<ymax>1264</ymax>
		</bndbox>
	</object>
	<object>
		<name>bot</name>
		<pose>Unspecified</pose>
		<truncated>0</truncated>
		<difficult>0</difficult>
		<bndbox>
			<xmin>2005</xmin>
			<ymin>880</ymin>
			<xmax>2163</xmax>
			<ymax>1018</ymax>
		</bndbox>
	</object>
	<object>
		<name>bot</name>
		<pose>Unspecified</pose>
		<truncated>0</truncated>
		<difficult>0</difficult>
		<bndbox>
			<xmin>3431</xmin>
			<ymin>2325</ymin>
			<xmax>3598</xmax>
			<ymax>2483</ymax>
		</bndbox>
	</object>
</annotation>
