<annotation>
	<folder>input</folder>
	<filename>127.jpg</filename>
	<path>C:\Users\Swetha\Desktop\annotation\input\127.jpg</path>
	<source>
		<database>Unknown</database>
	</source>
	<size>
		<width>4000</width>
		<height>3000</height>
		<depth>3</depth>
	</size>
	<segmented>0</segmented>
	<object>
		<name>arena</name>
		<pose>Unspecified</pose>
		<truncated>0</truncated>
		<difficult>0</difficult>
		<bndbox>
			<xmin>234</xmin>
			<ymin>531</ymin>
			<xmax>3798</xmax>
			<ymax>2599</ymax>
		</bndbox>
	</object>
	<object>
		<name>bot</name>
		<pose>Unspecified</pose>
		<truncated>0</truncated>
		<difficult>0</difficult>
		<bndbox>
			<xmin>769</xmin>
			<ymin>2118</ymin>
			<xmax>918</xmax>
			<ymax>2280</ymax>
		</bndbox>
	</object>
	<object>
		<name>bot</name>
		<pose>Unspecified</pose>
		<truncated>0</truncated>
		<difficult>0</difficult>
		<bndbox>
			<xmin>1808</xmin>
			<ymin>2176</ymin>
			<xmax>1966</xmax>
			<ymax>2335</ymax>
		</bndbox>
	</object>
	<object>
		<name>bot</name>
		<pose>Unspecified</pose>
		<truncated>0</truncated>
		<difficult>0</difficult>
		<bndbox>
			<xmin>2024</xmin>
			<ymin>764</ymin>
			<xmax>2179</xmax>
			<ymax>905</ymax>
		</bndbox>
	</object>
	<object>
		<name>bot</name>
		<pose>Unspecified</pose>
		<truncated>0</truncated>
		<difficult>0</difficult>
		<bndbox>
			<xmin>3460</xmin>
			<ymin>2215</ymin>
			<xmax>3624</xmax>
			<ymax>2364</ymax>
		</bndbox>
	</object>
</annotation>
