<annotation>
	<folder>input</folder>
	<filename>128.jpg</filename>
	<path>C:\Users\Swetha\Desktop\annotation\input\128.jpg</path>
	<source>
		<database>Unknown</database>
	</source>
	<size>
		<width>4000</width>
		<height>3000</height>
		<depth>3</depth>
	</size>
	<segmented>0</segmented>
	<object>
		<name>arena</name>
		<pose>Unspecified</pose>
		<truncated>0</truncated>
		<difficult>0</difficult>
		<bndbox>
			<xmin>253</xmin>
			<ymin>522</ymin>
			<xmax>3801</xmax>
			<ymax>2560</ymax>
		</bndbox>
	</object>
	<object>
		<name>bot</name>
		<pose>Unspecified</pose>
		<truncated>0</truncated>
		<difficult>0</difficult>
		<bndbox>
			<xmin>779</xmin>
			<ymin>2102</ymin>
			<xmax>937</xmax>
			<ymax>2260</ymax>
		</bndbox>
	</object>
	<object>
		<name>bot</name>
		<pose>Unspecified</pose>
		<truncated>0</truncated>
		<difficult>0</difficult>
		<bndbox>
			<xmin>1811</xmin>
			<ymin>2157</ymin>
			<xmax>1966</xmax>
			<ymax>2318</ymax>
		</bndbox>
	</object>
	<object>
		<name>bot</name>
		<pose>Unspecified</pose>
		<truncated>0</truncated>
		<difficult>0</difficult>
		<bndbox>
			<xmin>1985</xmin>
			<ymin>2383</ymin>
			<xmax>2140</xmax>
			<ymax>2531</ymax>
		</bndbox>
	</object>
	<object>
		<name>bot</name>
		<pose>Unspecified</pose>
		<truncated>0</truncated>
		<difficult>0</difficult>
		<bndbox>
			<xmin>3453</xmin>
			<ymin>2186</ymin>
			<xmax>3614</xmax>
			<ymax>2341</ymax>
		</bndbox>
	</object>
</annotation>
