<annotation>
	<folder>input</folder>
	<filename>13.jpg</filename>
	<path>C:\Users\Swetha\Desktop\annotation\input\13.jpg</path>
	<source>
		<database>Unknown</database>
	</source>
	<size>
		<width>2424</width>
		<height>2004</height>
		<depth>3</depth>
	</size>
	<segmented>0</segmented>
	<object>
		<name>arena</name>
		<pose>Unspecified</pose>
		<truncated>0</truncated>
		<difficult>0</difficult>
		<bndbox>
			<xmin>89</xmin>
			<ymin>353</ymin>
			<xmax>2272</xmax>
			<ymax>1557</ymax>
		</bndbox>
	</object>
	<object>
		<name>bot</name>
		<pose>Unspecified</pose>
		<truncated>0</truncated>
		<difficult>0</difficult>
		<bndbox>
			<xmin>440</xmin>
			<ymin>1327</ymin>
			<xmax>549</xmax>
			<ymax>1421</ymax>
		</bndbox>
	</object>
	<object>
		<name>bot</name>
		<pose>Unspecified</pose>
		<truncated>0</truncated>
		<difficult>0</difficult>
		<bndbox>
			<xmin>1068</xmin>
			<ymin>353</ymin>
			<xmax>1170</xmax>
			<ymax>448</ymax>
		</bndbox>
	</object>
	<object>
		<name>bot</name>
		<pose>Unspecified</pose>
		<truncated>0</truncated>
		<difficult>0</difficult>
		<bndbox>
			<xmin>1197</xmin>
			<ymin>357</ymin>
			<xmax>1289</xmax>
			<ymax>440</ymax>
		</bndbox>
	</object>
	<object>
		<name>bot</name>
		<pose>Unspecified</pose>
		<truncated>0</truncated>
		<difficult>0</difficult>
		<bndbox>
			<xmin>1308</xmin>
			<ymin>355</ymin>
			<xmax>1406</xmax>
			<ymax>436</ymax>
		</bndbox>
	</object>
</annotation>
