<annotation>
	<folder>input</folder>
	<filename>130.jpg</filename>
	<path>C:\Users\Swetha\Desktop\annotation\input\130.jpg</path>
	<source>
		<database>Unknown</database>
	</source>
	<size>
		<width>4000</width>
		<height>3000</height>
		<depth>3</depth>
	</size>
	<segmented>0</segmented>
	<object>
		<name>arena</name>
		<pose>Unspecified</pose>
		<truncated>0</truncated>
		<difficult>0</difficult>
		<bndbox>
			<xmin>260</xmin>
			<ymin>454</ymin>
			<xmax>3824</xmax>
			<ymax>2389</ymax>
		</bndbox>
	</object>
	<object>
		<name>bot</name>
		<pose>Unspecified</pose>
		<truncated>0</truncated>
		<difficult>0</difficult>
		<bndbox>
			<xmin>421</xmin>
			<ymin>2025</ymin>
			<xmax>582</xmax>
			<ymax>2183</ymax>
		</bndbox>
	</object>
	<object>
		<name>bot</name>
		<pose>Unspecified</pose>
		<truncated>0</truncated>
		<difficult>0</difficult>
		<bndbox>
			<xmin>1853</xmin>
			<ymin>2035</ymin>
			<xmax>2005</xmax>
			<ymax>2173</ymax>
		</bndbox>
	</object>
	<object>
		<name>bot</name>
		<pose>Unspecified</pose>
		<truncated>0</truncated>
		<difficult>0</difficult>
		<bndbox>
			<xmin>2031</xmin>
			<ymin>667</ymin>
			<xmax>2176</xmax>
			<ymax>799</ymax>
		</bndbox>
	</object>
	<object>
		<name>bot</name>
		<pose>Unspecified</pose>
		<truncated>0</truncated>
		<difficult>0</difficult>
		<bndbox>
			<xmin>3476</xmin>
			<ymin>2009</ymin>
			<xmax>3647</xmax>
			<ymax>2164</ymax>
		</bndbox>
	</object>
</annotation>
