<annotation>
	<folder>input</folder>
	<filename>131.jpg</filename>
	<path>C:\Users\Swetha\Desktop\annotation\input\131.jpg</path>
	<source>
		<database>Unknown</database>
	</source>
	<size>
		<width>4000</width>
		<height>3000</height>
		<depth>3</depth>
	</size>
	<segmented>0</segmented>
	<object>
		<name>arena</name>
		<pose>Unspecified</pose>
		<truncated>0</truncated>
		<difficult>0</difficult>
		<bndbox>
			<xmin>150</xmin>
			<ymin>447</ymin>
			<xmax>3827</xmax>
			<ymax>2373</ymax>
		</bndbox>
	</object>
	<object>
		<name>bot</name>
		<pose>Unspecified</pose>
		<truncated>0</truncated>
		<difficult>0</difficult>
		<bndbox>
			<xmin>350</xmin>
			<ymin>2070</ymin>
			<xmax>514</xmax>
			<ymax>2218</ymax>
		</bndbox>
	</object>
	<object>
		<name>bot</name>
		<pose>Unspecified</pose>
		<truncated>0</truncated>
		<difficult>0</difficult>
		<bndbox>
			<xmin>2001</xmin>
			<ymin>1622</ymin>
			<xmax>2153</xmax>
			<ymax>1764</ymax>
		</bndbox>
	</object>
	<object>
		<name>bot</name>
		<pose>Unspecified</pose>
		<truncated>0</truncated>
		<difficult>0</difficult>
		<bndbox>
			<xmin>1811</xmin>
			<ymin>2047</ymin>
			<xmax>1969</xmax>
			<ymax>2196</ymax>
		</bndbox>
	</object>
	<object>
		<name>bot</name>
		<pose>Unspecified</pose>
		<truncated>0</truncated>
		<difficult>0</difficult>
		<bndbox>
			<xmin>3476</xmin>
			<ymin>2012</ymin>
			<xmax>3647</xmax>
			<ymax>2147</ymax>
		</bndbox>
	</object>
</annotation>
