<annotation>
	<folder>input</folder>
	<filename>135.jpg</filename>
	<path>C:\Users\Swetha\Desktop\annotation\input\135.jpg</path>
	<source>
		<database>Unknown</database>
	</source>
	<size>
		<width>4000</width>
		<height>3000</height>
		<depth>3</depth>
	</size>
	<segmented>0</segmented>
	<object>
		<name>arena</name>
		<pose>Unspecified</pose>
		<truncated>0</truncated>
		<difficult>0</difficult>
		<bndbox>
			<xmin>256</xmin>
			<ymin>476</ymin>
			<xmax>3927</xmax>
			<ymax>2412</ymax>
		</bndbox>
	</object>
	<object>
		<name>bot</name>
		<pose>Unspecified</pose>
		<truncated>0</truncated>
		<difficult>0</difficult>
		<bndbox>
			<xmin>1008</xmin>
			<ymin>2054</ymin>
			<xmax>1166</xmax>
			<ymax>2222</ymax>
		</bndbox>
	</object>
	<object>
		<name>bot</name>
		<pose>Unspecified</pose>
		<truncated>0</truncated>
		<difficult>0</difficult>
		<bndbox>
			<xmin>1824</xmin>
			<ymin>622</ymin>
			<xmax>1989</xmax>
			<ymax>747</ymax>
		</bndbox>
	</object>
	<object>
		<name>bot</name>
		<pose>Unspecified</pose>
		<truncated>0</truncated>
		<difficult>0</difficult>
		<bndbox>
			<xmin>2082</xmin>
			<ymin>2073</ymin>
			<xmax>2231</xmax>
			<ymax>2238</ymax>
		</bndbox>
	</object>
	<object>
		<name>bot</name>
		<pose>Unspecified</pose>
		<truncated>0</truncated>
		<difficult>0</difficult>
		<bndbox>
			<xmin>3143</xmin>
			<ymin>2051</ymin>
			<xmax>3308</xmax>
			<ymax>2202</ymax>
		</bndbox>
	</object>
</annotation>
