<annotation>
	<folder>input</folder>
	<filename>14.jpg</filename>
	<path>C:\Users\Swetha\Desktop\annotation\input\14.jpg</path>
	<source>
		<database>Unknown</database>
	</source>
	<size>
		<width>2336</width>
		<height>1976</height>
		<depth>3</depth>
	</size>
	<segmented>0</segmented>
	<object>
		<name>arena</name>
		<pose>Unspecified</pose>
		<truncated>0</truncated>
		<difficult>0</difficult>
		<bndbox>
			<xmin>73</xmin>
			<ymin>360</ymin>
			<xmax>2192</xmax>
			<ymax>1543</ymax>
		</bndbox>
	</object>
	<object>
		<name>bot</name>
		<pose>Unspecified</pose>
		<truncated>0</truncated>
		<difficult>0</difficult>
		<bndbox>
			<xmin>307</xmin>
			<ymin>1313</ymin>
			<xmax>398</xmax>
			<ymax>1407</ymax>
		</bndbox>
	</object>
	<object>
		<name>bot</name>
		<pose>Unspecified</pose>
		<truncated>0</truncated>
		<difficult>0</difficult>
		<bndbox>
			<xmin>1036</xmin>
			<ymin>356</ymin>
			<xmax>1134</xmax>
			<ymax>451</ymax>
		</bndbox>
	</object>
	<object>
		<name>bot</name>
		<pose>Unspecified</pose>
		<truncated>0</truncated>
		<difficult>0</difficult>
		<bndbox>
			<xmin>1158</xmin>
			<ymin>351</ymin>
			<xmax>1258</xmax>
			<ymax>441</ymax>
		</bndbox>
	</object>
	<object>
		<name>bot</name>
		<pose>Unspecified</pose>
		<truncated>0</truncated>
		<difficult>0</difficult>
		<bndbox>
			<xmin>1275</xmin>
			<ymin>358</ymin>
			<xmax>1366</xmax>
			<ymax>439</ymax>
		</bndbox>
	</object>
</annotation>
