<annotation>
	<folder>input</folder>
	<filename>141.jpg</filename>
	<path>C:\Users\Swetha\Desktop\annotation\input\141.jpg</path>
	<source>
		<database>Unknown</database>
	</source>
	<size>
		<width>4000</width>
		<height>3000</height>
		<depth>3</depth>
	</size>
	<segmented>0</segmented>
	<object>
		<name>arena</name>
		<pose>Unspecified</pose>
		<truncated>0</truncated>
		<difficult>0</difficult>
		<bndbox>
			<xmin>437</xmin>
			<ymin>612</ymin>
			<xmax>3743</xmax>
			<ymax>2622</ymax>
		</bndbox>
	</object>
	<object>
		<name>bot</name>
		<pose>Unspecified</pose>
		<truncated>0</truncated>
		<difficult>0</difficult>
		<bndbox>
			<xmin>1718</xmin>
			<ymin>1031</ymin>
			<xmax>1866</xmax>
			<ymax>1176</ymax>
		</bndbox>
	</object>
	<object>
		<name>bot</name>
		<pose>Unspecified</pose>
		<truncated>0</truncated>
		<difficult>0</difficult>
		<bndbox>
			<xmin>1885</xmin>
			<ymin>1254</ymin>
			<xmax>2037</xmax>
			<ymax>1389</ymax>
		</bndbox>
	</object>
	<object>
		<name>bot</name>
		<pose>Unspecified</pose>
		<truncated>0</truncated>
		<difficult>0</difficult>
		<bndbox>
			<xmin>2060</xmin>
			<ymin>1435</ymin>
			<xmax>2214</xmax>
			<ymax>1580</ymax>
		</bndbox>
	</object>
	<object>
		<name>bot</name>
		<pose>Unspecified</pose>
		<truncated>0</truncated>
		<difficult>0</difficult>
		<bndbox>
			<xmin>2260</xmin>
			<ymin>1635</ymin>
			<xmax>2421</xmax>
			<ymax>1780</ymax>
		</bndbox>
	</object>
</annotation>
