<annotation>
	<folder>input</folder>
	<filename>149.jpg</filename>
	<path>C:\Users\Swetha\Desktop\annotation\input\149.jpg</path>
	<source>
		<database>Unknown</database>
	</source>
	<size>
		<width>4000</width>
		<height>3000</height>
		<depth>3</depth>
	</size>
	<segmented>0</segmented>
	<object>
		<name>arena</name>
		<pose>Unspecified</pose>
		<truncated>0</truncated>
		<difficult>0</difficult>
		<bndbox>
			<xmin>89</xmin>
			<ymin>460</ymin>
			<xmax>3598</xmax>
			<ymax>2464</ymax>
		</bndbox>
	</object>
	<object>
		<name>bot</name>
		<pose>Unspecified</pose>
		<truncated>0</truncated>
		<difficult>0</difficult>
		<bndbox>
			<xmin>1034</xmin>
			<ymin>2099</ymin>
			<xmax>1201</xmax>
			<ymax>2254</ymax>
		</bndbox>
	</object>
	<object>
		<name>bot</name>
		<pose>Unspecified</pose>
		<truncated>0</truncated>
		<difficult>0</difficult>
		<bndbox>
			<xmin>1253</xmin>
			<ymin>2322</ymin>
			<xmax>1411</xmax>
			<ymax>2467</ymax>
		</bndbox>
	</object>
	<object>
		<name>bot</name>
		<pose>Unspecified</pose>
		<truncated>0</truncated>
		<difficult>0</difficult>
		<bndbox>
			<xmin>2450</xmin>
			<ymin>2322</ymin>
			<xmax>2598</xmax>
			<ymax>2486</ymax>
		</bndbox>
	</object>
	<object>
		<name>bot</name>
		<pose>Unspecified</pose>
		<truncated>0</truncated>
		<difficult>0</difficult>
		<bndbox>
			<xmin>3056</xmin>
			<ymin>2109</ymin>
			<xmax>3224</xmax>
			<ymax>2257</ymax>
		</bndbox>
	</object>
</annotation>
