<annotation>
	<folder>input</folder>
	<filename>15.jpg</filename>
	<path>C:\Users\Swetha\Desktop\annotation\input\15.jpg</path>
	<source>
		<database>Unknown</database>
	</source>
	<size>
		<width>2316</width>
		<height>1912</height>
		<depth>3</depth>
	</size>
	<segmented>0</segmented>
	<object>
		<name>arena</name>
		<pose>Unspecified</pose>
		<truncated>0</truncated>
		<difficult>0</difficult>
		<bndbox>
			<xmin>81</xmin>
			<ymin>345</ymin>
			<xmax>2114</xmax>
			<ymax>1488</ymax>
		</bndbox>
	</object>
	<object>
		<name>bot</name>
		<pose>Unspecified</pose>
		<truncated>0</truncated>
		<difficult>0</difficult>
		<bndbox>
			<xmin>187</xmin>
			<ymin>1278</ymin>
			<xmax>279</xmax>
			<ymax>1368</ymax>
		</bndbox>
	</object>
	<object>
		<name>bot</name>
		<pose>Unspecified</pose>
		<truncated>0</truncated>
		<difficult>0</difficult>
		<bndbox>
			<xmin>996</xmin>
			<ymin>353</ymin>
			<xmax>1077</xmax>
			<ymax>429</ymax>
		</bndbox>
	</object>
	<object>
		<name>bot</name>
		<pose>Unspecified</pose>
		<truncated>0</truncated>
		<difficult>0</difficult>
		<bndbox>
			<xmin>1116</xmin>
			<ymin>345</ymin>
			<xmax>1204</xmax>
			<ymax>423</ymax>
		</bndbox>
	</object>
	<object>
		<name>bot</name>
		<pose>Unspecified</pose>
		<truncated>0</truncated>
		<difficult>0</difficult>
		<bndbox>
			<xmin>1224</xmin>
			<ymin>351</ymin>
			<xmax>1310</xmax>
			<ymax>429</ymax>
		</bndbox>
	</object>
</annotation>
