<annotation>
	<folder>input</folder>
	<filename>151.jpg</filename>
	<path>C:\Users\Swetha\Desktop\annotation\input\151.jpg</path>
	<source>
		<database>Unknown</database>
	</source>
	<size>
		<width>4000</width>
		<height>3000</height>
		<depth>3</depth>
	</size>
	<segmented>0</segmented>
	<object>
		<name>arena</name>
		<pose>Unspecified</pose>
		<truncated>0</truncated>
		<difficult>0</difficult>
		<bndbox>
			<xmin>230</xmin>
			<ymin>683</ymin>
			<xmax>3601</xmax>
			<ymax>2554</ymax>
		</bndbox>
	</object>
	<object>
		<name>bot</name>
		<pose>Unspecified</pose>
		<truncated>0</truncated>
		<difficult>0</difficult>
		<bndbox>
			<xmin>714</xmin>
			<ymin>2202</ymin>
			<xmax>846</xmax>
			<ymax>2367</ymax>
		</bndbox>
	</object>
	<object>
		<name>bot</name>
		<pose>Unspecified</pose>
		<truncated>0</truncated>
		<difficult>0</difficult>
		<bndbox>
			<xmin>910</xmin>
			<ymin>2402</ymin>
			<xmax>1049</xmax>
			<ymax>2557</ymax>
		</bndbox>
	</object>
	<object>
		<name>bot</name>
		<pose>Unspecified</pose>
		<truncated>0</truncated>
		<difficult>0</difficult>
		<bndbox>
			<xmin>2888</xmin>
			<ymin>2415</ymin>
			<xmax>3027</xmax>
			<ymax>2567</ymax>
		</bndbox>
	</object>
	<object>
		<name>bot</name>
		<pose>Unspecified</pose>
		<truncated>0</truncated>
		<difficult>0</difficult>
		<bndbox>
			<xmin>3427</xmin>
			<ymin>2199</ymin>
			<xmax>3598</xmax>
			<ymax>2338</ymax>
		</bndbox>
	</object>
</annotation>
