<annotation>
	<folder>input</folder>
	<filename>153.jpg</filename>
	<path>C:\Users\Swetha\Desktop\annotation\input\153.jpg</path>
	<source>
		<database>Unknown</database>
	</source>
	<size>
		<width>4000</width>
		<height>3000</height>
		<depth>3</depth>
	</size>
	<segmented>0</segmented>
	<object>
		<name>arena</name>
		<pose>Unspecified</pose>
		<truncated>0</truncated>
		<difficult>0</difficult>
		<bndbox>
			<xmin>143</xmin>
			<ymin>667</ymin>
			<xmax>3736</xmax>
			<ymax>2670</ymax>
		</bndbox>
	</object>
	<object>
		<name>bot</name>
		<pose>Unspecified</pose>
		<truncated>0</truncated>
		<difficult>0</difficult>
		<bndbox>
			<xmin>265</xmin>
			<ymin>2267</ymin>
			<xmax>420</xmax>
			<ymax>2415</ymax>
		</bndbox>
	</object>
	<object>
		<name>bot</name>
		<pose>Unspecified</pose>
		<truncated>0</truncated>
		<difficult>0</difficult>
		<bndbox>
			<xmin>436</xmin>
			<ymin>2489</ymin>
			<xmax>581</xmax>
			<ymax>2660</ymax>
		</bndbox>
	</object>
	<object>
		<name>bot</name>
		<pose>Unspecified</pose>
		<truncated>0</truncated>
		<difficult>0</difficult>
		<bndbox>
			<xmin>2533</xmin>
			<ymin>2289</ymin>
			<xmax>2685</xmax>
			<ymax>2441</ymax>
		</bndbox>
	</object>
	<object>
		<name>bot</name>
		<pose>Unspecified</pose>
		<truncated>0</truncated>
		<difficult>0</difficult>
		<bndbox>
			<xmin>3417</xmin>
			<ymin>2518</ymin>
			<xmax>3575</xmax>
			<ymax>2683</ymax>
		</bndbox>
	</object>
</annotation>
