<annotation>
	<folder>input</folder>
	<filename>156.jpg</filename>
	<path>C:\Users\Swetha\Desktop\annotation\input\156.jpg</path>
	<source>
		<database>Unknown</database>
	</source>
	<size>
		<width>4000</width>
		<height>3000</height>
		<depth>3</depth>
	</size>
	<segmented>0</segmented>
	<object>
		<name>arena</name>
		<pose>Unspecified</pose>
		<truncated>0</truncated>
		<difficult>0</difficult>
		<bndbox>
			<xmin>114</xmin>
			<ymin>357</ymin>
			<xmax>3794</xmax>
			<ymax>2467</ymax>
		</bndbox>
	</object>
	<object>
		<name>bot</name>
		<pose>Unspecified</pose>
		<truncated>0</truncated>
		<difficult>0</difficult>
		<bndbox>
			<xmin>417</xmin>
			<ymin>2280</ymin>
			<xmax>572</xmax>
			<ymax>2447</ymax>
		</bndbox>
	</object>
	<object>
		<name>bot</name>
		<pose>Unspecified</pose>
		<truncated>0</truncated>
		<difficult>0</difficult>
		<bndbox>
			<xmin>1504</xmin>
			<ymin>1418</ymin>
			<xmax>1662</xmax>
			<ymax>1564</ymax>
		</bndbox>
	</object>
	<object>
		<name>bot</name>
		<pose>Unspecified</pose>
		<truncated>0</truncated>
		<difficult>0</difficult>
		<bndbox>
			<xmin>2162</xmin>
			<ymin>2060</ymin>
			<xmax>2317</xmax>
			<ymax>2228</ymax>
		</bndbox>
	</object>
	<object>
		<name>bot</name>
		<pose>Unspecified</pose>
		<truncated>0</truncated>
		<difficult>0</difficult>
		<bndbox>
			<xmin>3230</xmin>
			<ymin>2299</ymin>
			<xmax>3394</xmax>
			<ymax>2473</ymax>
		</bndbox>
	</object>
</annotation>
