<annotation>
	<folder>input</folder>
	<filename>159.jpg</filename>
	<path>C:\Users\Swetha\Desktop\annotation\input\159.jpg</path>
	<source>
		<database>Unknown</database>
	</source>
	<size>
		<width>4000</width>
		<height>3000</height>
		<depth>3</depth>
	</size>
	<segmented>0</segmented>
	<object>
		<name>arena</name>
		<pose>Unspecified</pose>
		<truncated>0</truncated>
		<difficult>0</difficult>
		<bndbox>
			<xmin>23</xmin>
			<ymin>267</ymin>
			<xmax>3720</xmax>
			<ymax>2331</ymax>
		</bndbox>
	</object>
	<object>
		<name>bot</name>
		<pose>Unspecified</pose>
		<truncated>0</truncated>
		<difficult>0</difficult>
		<bndbox>
			<xmin>643</xmin>
			<ymin>2199</ymin>
			<xmax>801</xmax>
			<ymax>2360</ymax>
		</bndbox>
	</object>
	<object>
		<name>bot</name>
		<pose>Unspecified</pose>
		<truncated>0</truncated>
		<difficult>0</difficult>
		<bndbox>
			<xmin>1481</xmin>
			<ymin>889</ymin>
			<xmax>1640</xmax>
			<ymax>1067</ymax>
		</bndbox>
	</object>
	<object>
		<name>bot</name>
		<pose>Unspecified</pose>
		<truncated>0</truncated>
		<difficult>0</difficult>
		<bndbox>
			<xmin>2110</xmin>
			<ymin>1531</ymin>
			<xmax>2281</xmax>
			<ymax>1696</ymax>
		</bndbox>
	</object>
	<object>
		<name>bot</name>
		<pose>Unspecified</pose>
		<truncated>0</truncated>
		<difficult>0</difficult>
		<bndbox>
			<xmin>2972</xmin>
			<ymin>2199</ymin>
			<xmax>3130</xmax>
			<ymax>2351</ymax>
		</bndbox>
	</object>
</annotation>
