<annotation>
	<folder>input</folder>
	<filename>16.jpg</filename>
	<path>C:\Users\Swetha\Desktop\annotation\input\16.jpg</path>
	<source>
		<database>Unknown</database>
	</source>
	<size>
		<width>2264</width>
		<height>1972</height>
		<depth>3</depth>
	</size>
	<segmented>0</segmented>
	<object>
		<name>arena</name>
		<pose>Unspecified</pose>
		<truncated>0</truncated>
		<difficult>0</difficult>
		<bndbox>
			<xmin>70</xmin>
			<ymin>358</ymin>
			<xmax>2173</xmax>
			<ymax>1542</ymax>
		</bndbox>
	</object>
	<object>
		<name>bot</name>
		<pose>Unspecified</pose>
		<truncated>0</truncated>
		<difficult>0</difficult>
		<bndbox>
			<xmin>58</xmin>
			<ymin>1331</ymin>
			<xmax>160</xmax>
			<ymax>1417</ymax>
		</bndbox>
	</object>
	<object>
		<name>bot</name>
		<pose>Unspecified</pose>
		<truncated>0</truncated>
		<difficult>0</difficult>
		<bndbox>
			<xmin>1025</xmin>
			<ymin>365</ymin>
			<xmax>1110</xmax>
			<ymax>452</ymax>
		</bndbox>
	</object>
	<object>
		<name>bot</name>
		<pose>Unspecified</pose>
		<truncated>0</truncated>
		<difficult>0</difficult>
		<bndbox>
			<xmin>1150</xmin>
			<ymin>361</ymin>
			<xmax>1235</xmax>
			<ymax>442</ymax>
		</bndbox>
	</object>
	<object>
		<name>bot</name>
		<pose>Unspecified</pose>
		<truncated>0</truncated>
		<difficult>0</difficult>
		<bndbox>
			<xmin>1260</xmin>
			<ymin>361</ymin>
			<xmax>1348</xmax>
			<ymax>446</ymax>
		</bndbox>
	</object>
</annotation>
