<annotation>
	<folder>input</folder>
	<filename>160.jpg</filename>
	<path>C:\Users\Swetha\Desktop\annotation\input\160.jpg</path>
	<source>
		<database>Unknown</database>
	</source>
	<size>
		<width>4000</width>
		<height>3000</height>
		<depth>3</depth>
	</size>
	<segmented>0</segmented>
	<object>
		<name>arena</name>
		<pose>Unspecified</pose>
		<truncated>0</truncated>
		<difficult>0</difficult>
		<bndbox>
			<xmin>85</xmin>
			<ymin>225</ymin>
			<xmax>3898</xmax>
			<ymax>2309</ymax>
		</bndbox>
	</object>
	<object>
		<name>bot</name>
		<pose>Unspecified</pose>
		<truncated>0</truncated>
		<difficult>0</difficult>
		<bndbox>
			<xmin>743</xmin>
			<ymin>2212</ymin>
			<xmax>898</xmax>
			<ymax>2376</ymax>
		</bndbox>
	</object>
	<object>
		<name>bot</name>
		<pose>Unspecified</pose>
		<truncated>0</truncated>
		<difficult>0</difficult>
		<bndbox>
			<xmin>1569</xmin>
			<ymin>857</ymin>
			<xmax>1736</xmax>
			<ymax>1025</ymax>
		</bndbox>
	</object>
	<object>
		<name>bot</name>
		<pose>Unspecified</pose>
		<truncated>0</truncated>
		<difficult>0</difficult>
		<bndbox>
			<xmin>2233</xmin>
			<ymin>1515</ymin>
			<xmax>2398</xmax>
			<ymax>1670</ymax>
		</bndbox>
	</object>
	<object>
		<name>bot</name>
		<pose>Unspecified</pose>
		<truncated>0</truncated>
		<difficult>0</difficult>
		<bndbox>
			<xmin>2694</xmin>
			<ymin>2173</ymin>
			<xmax>2843</xmax>
			<ymax>2338</ymax>
		</bndbox>
	</object>
</annotation>
