<annotation>
	<folder>input</folder>
	<filename>163.jpg</filename>
	<path>C:\Users\Swetha\Desktop\annotation\input\163.jpg</path>
	<source>
		<database>Unknown</database>
	</source>
	<size>
		<width>4000</width>
		<height>3000</height>
		<depth>3</depth>
	</size>
	<segmented>0</segmented>
	<object>
		<name>arena</name>
		<pose>Unspecified</pose>
		<truncated>0</truncated>
		<difficult>0</difficult>
		<bndbox>
			<xmin>346</xmin>
			<ymin>554</ymin>
			<xmax>3820</xmax>
			<ymax>2496</ymax>
		</bndbox>
	</object>
	<object>
		<name>bot</name>
		<pose>Unspecified</pose>
		<truncated>0</truncated>
		<difficult>0</difficult>
		<bndbox>
			<xmin>1565</xmin>
			<ymin>2357</ymin>
			<xmax>1707</xmax>
			<ymax>2509</ymax>
		</bndbox>
	</object>
	<object>
		<name>bot</name>
		<pose>Unspecified</pose>
		<truncated>0</truncated>
		<difficult>0</difficult>
		<bndbox>
			<xmin>1743</xmin>
			<ymin>976</ymin>
			<xmax>1885</xmax>
			<ymax>1125</ymax>
		</bndbox>
	</object>
	<object>
		<name>bot</name>
		<pose>Unspecified</pose>
		<truncated>0</truncated>
		<difficult>0</difficult>
		<bndbox>
			<xmin>2317</xmin>
			<ymin>1731</ymin>
			<xmax>2462</xmax>
			<ymax>1880</ymax>
		</bndbox>
	</object>
	<object>
		<name>bot</name>
		<pose>Unspecified</pose>
		<truncated>0</truncated>
		<difficult>0</difficult>
		<bndbox>
			<xmin>2730</xmin>
			<ymin>2351</ymin>
			<xmax>2862</xmax>
			<ymax>2496</ymax>
		</bndbox>
	</object>
</annotation>
