<annotation>
	<folder>input</folder>
	<filename>166.jpg</filename>
	<path>C:\Users\Swetha\Desktop\annotation\input\166.jpg</path>
	<source>
		<database>Unknown</database>
	</source>
	<size>
		<width>4000</width>
		<height>3000</height>
		<depth>3</depth>
	</size>
	<segmented>0</segmented>
	<object>
		<name>arena</name>
		<pose>Unspecified</pose>
		<truncated>0</truncated>
		<difficult>0</difficult>
		<bndbox>
			<xmin>369</xmin>
			<ymin>483</ymin>
			<xmax>3930</xmax>
			<ymax>2422</ymax>
		</bndbox>
	</object>
	<object>
		<name>bot</name>
		<pose>Unspecified</pose>
		<truncated>0</truncated>
		<difficult>0</difficult>
		<bndbox>
			<xmin>1785</xmin>
			<ymin>644</ymin>
			<xmax>1943</xmax>
			<ymax>812</ymax>
		</bndbox>
	</object>
	<object>
		<name>bot</name>
		<pose>Unspecified</pose>
		<truncated>0</truncated>
		<difficult>0</difficult>
		<bndbox>
			<xmin>1610</xmin>
			<ymin>2312</ymin>
			<xmax>1765</xmax>
			<ymax>2476</ymax>
		</bndbox>
	</object>
	<object>
		<name>bot</name>
		<pose>Unspecified</pose>
		<truncated>0</truncated>
		<difficult>0</difficult>
		<bndbox>
			<xmin>2375</xmin>
			<ymin>1238</ymin>
			<xmax>2520</xmax>
			<ymax>1396</ymax>
		</bndbox>
	</object>
	<object>
		<name>bot</name>
		<pose>Unspecified</pose>
		<truncated>0</truncated>
		<difficult>0</difficult>
		<bndbox>
			<xmin>2807</xmin>
			<ymin>2305</ymin>
			<xmax>2959</xmax>
			<ymax>2454</ymax>
		</bndbox>
	</object>
</annotation>
