<annotation>
	<folder>input</folder>
	<filename>17.jpg</filename>
	<path>C:\Users\Swetha\Desktop\annotation\input\17.jpg</path>
	<source>
		<database>Unknown</database>
	</source>
	<size>
		<width>2364</width>
		<height>2032</height>
		<depth>3</depth>
	</size>
	<segmented>0</segmented>
	<object>
		<name>arena</name>
		<pose>Unspecified</pose>
		<truncated>0</truncated>
		<difficult>0</difficult>
		<bndbox>
			<xmin>91</xmin>
			<ymin>365</ymin>
			<xmax>2271</xmax>
			<ymax>1578</ymax>
		</bndbox>
	</object>
	<object>
		<name>bot</name>
		<pose>Unspecified</pose>
		<truncated>0</truncated>
		<difficult>0</difficult>
		<bndbox>
			<xmin>937</xmin>
			<ymin>361</ymin>
			<xmax>1030</xmax>
			<ymax>455</ymax>
		</bndbox>
	</object>
	<object>
		<name>bot</name>
		<pose>Unspecified</pose>
		<truncated>0</truncated>
		<difficult>0</difficult>
		<bndbox>
			<xmin>1037</xmin>
			<ymin>494</ymin>
			<xmax>1141</xmax>
			<ymax>581</ymax>
		</bndbox>
	</object>
	<object>
		<name>bot</name>
		<pose>Unspecified</pose>
		<truncated>0</truncated>
		<difficult>0</difficult>
		<bndbox>
			<xmin>1184</xmin>
			<ymin>368</ymin>
			<xmax>1278</xmax>
			<ymax>446</ymax>
		</bndbox>
	</object>
	<object>
		<name>bot</name>
		<pose>Unspecified</pose>
		<truncated>0</truncated>
		<difficult>0</difficult>
		<bndbox>
			<xmin>1298</xmin>
			<ymin>372</ymin>
			<xmax>1398</xmax>
			<ymax>450</ymax>
		</bndbox>
	</object>
</annotation>
