<annotation>
	<folder>input</folder>
	<filename>170.jpg</filename>
	<path>C:\Users\Swetha\Desktop\annotation\input\170.jpg</path>
	<source>
		<database>Unknown</database>
	</source>
	<size>
		<width>4000</width>
		<height>3000</height>
		<depth>3</depth>
	</size>
	<segmented>0</segmented>
	<object>
		<name>arena</name>
		<pose>Unspecified</pose>
		<truncated>0</truncated>
		<difficult>0</difficult>
		<bndbox>
			<xmin>275</xmin>
			<ymin>347</ymin>
			<xmax>3962</xmax>
			<ymax>2264</ymax>
		</bndbox>
	</object>
	<object>
		<name>bot</name>
		<pose>Unspecified</pose>
		<truncated>0</truncated>
		<difficult>0</difficult>
		<bndbox>
			<xmin>1559</xmin>
			<ymin>2157</ymin>
			<xmax>1714</xmax>
			<ymax>2302</ymax>
		</bndbox>
	</object>
	<object>
		<name>bot</name>
		<pose>Unspecified</pose>
		<truncated>0</truncated>
		<difficult>0</difficult>
		<bndbox>
			<xmin>1694</xmin>
			<ymin>457</ymin>
			<xmax>1859</xmax>
			<ymax>609</ymax>
		</bndbox>
	</object>
	<object>
		<name>bot</name>
		<pose>Unspecified</pose>
		<truncated>0</truncated>
		<difficult>0</difficult>
		<bndbox>
			<xmin>2323</xmin>
			<ymin>447</ymin>
			<xmax>2485</xmax>
			<ymax>615</ymax>
		</bndbox>
	</object>
	<object>
		<name>bot</name>
		<pose>Unspecified</pose>
		<truncated>0</truncated>
		<difficult>0</difficult>
		<bndbox>
			<xmin>2559</xmin>
			<ymin>2131</ymin>
			<xmax>2707</xmax>
			<ymax>2289</ymax>
		</bndbox>
	</object>
</annotation>
