<annotation>
	<folder>input</folder>
	<filename>18.jpg</filename>
	<path>C:\Users\Swetha\Desktop\annotation\input\18.jpg</path>
	<source>
		<database>Unknown</database>
	</source>
	<size>
		<width>2332</width>
		<height>2060</height>
		<depth>3</depth>
	</size>
	<segmented>0</segmented>
	<object>
		<name>arena</name>
		<pose>Unspecified</pose>
		<truncated>0</truncated>
		<difficult>0</difficult>
		<bndbox>
			<xmin>73</xmin>
			<ymin>373</ymin>
			<xmax>2297</xmax>
			<ymax>1603</ymax>
		</bndbox>
	</object>
	<object>
		<name>bot</name>
		<pose>Unspecified</pose>
		<truncated>0</truncated>
		<difficult>0</difficult>
		<bndbox>
			<xmin>940</xmin>
			<ymin>369</ymin>
			<xmax>1040</xmax>
			<ymax>464</ymax>
		</bndbox>
	</object>
	<object>
		<name>bot</name>
		<pose>Unspecified</pose>
		<truncated>0</truncated>
		<difficult>0</difficult>
		<bndbox>
			<xmin>1045</xmin>
			<ymin>616</ymin>
			<xmax>1142</xmax>
			<ymax>708</ymax>
		</bndbox>
	</object>
	<object>
		<name>bot</name>
		<pose>Unspecified</pose>
		<truncated>0</truncated>
		<difficult>0</difficult>
		<bndbox>
			<xmin>1192</xmin>
			<ymin>373</ymin>
			<xmax>1295</xmax>
			<ymax>458</ymax>
		</bndbox>
	</object>
	<object>
		<name>bot</name>
		<pose>Unspecified</pose>
		<truncated>0</truncated>
		<difficult>0</difficult>
		<bndbox>
			<xmin>1314</xmin>
			<ymin>371</ymin>
			<xmax>1412</xmax>
			<ymax>460</ymax>
		</bndbox>
	</object>
</annotation>
