<annotation>
	<folder>input</folder>
	<filename>19.jpg</filename>
	<path>C:\Users\Swetha\Desktop\annotation\input\19.jpg</path>
	<source>
		<database>Unknown</database>
	</source>
	<size>
		<width>2440</width>
		<height>2132</height>
		<depth>3</depth>
	</size>
	<segmented>0</segmented>
	<object>
		<name>arena</name>
		<pose>Unspecified</pose>
		<truncated>0</truncated>
		<difficult>0</difficult>
		<bndbox>
			<xmin>78</xmin>
			<ymin>390</ymin>
			<xmax>2357</xmax>
			<ymax>1679</ymax>
		</bndbox>
	</object>
	<object>
		<name>bot</name>
		<pose>Unspecified</pose>
		<truncated>0</truncated>
		<difficult>0</difficult>
		<bndbox>
			<xmin>1096</xmin>
			<ymin>777</ymin>
			<xmax>1191</xmax>
			<ymax>881</ymax>
		</bndbox>
	</object>
	<object>
		<name>bot</name>
		<pose>Unspecified</pose>
		<truncated>0</truncated>
		<difficult>0</difficult>
		<bndbox>
			<xmin>966</xmin>
			<ymin>390</ymin>
			<xmax>1071</xmax>
			<ymax>486</ymax>
		</bndbox>
	</object>
	<object>
		<name>bot</name>
		<pose>Unspecified</pose>
		<truncated>0</truncated>
		<difficult>0</difficult>
		<bndbox>
			<xmin>1244</xmin>
			<ymin>390</ymin>
			<xmax>1344</xmax>
			<ymax>486</ymax>
		</bndbox>
	</object>
	<object>
		<name>bot</name>
		<pose>Unspecified</pose>
		<truncated>0</truncated>
		<difficult>0</difficult>
		<bndbox>
			<xmin>1362</xmin>
			<ymin>390</ymin>
			<xmax>1464</xmax>
			<ymax>490</ymax>
		</bndbox>
	</object>
</annotation>
