<annotation>
	<folder>input</folder>
	<filename>197.jpg</filename>
	<path>C:\Users\Swetha\Desktop\annotation\input\197.jpg</path>
	<source>
		<database>Unknown</database>
	</source>
	<size>
		<width>4000</width>
		<height>3000</height>
		<depth>3</depth>
	</size>
	<segmented>0</segmented>
	<object>
		<name>arena</name>
		<pose>Unspecified</pose>
		<truncated>0</truncated>
		<difficult>0</difficult>
		<bndbox>
			<xmin>175</xmin>
			<ymin>470</ymin>
			<xmax>3833</xmax>
			<ymax>2502</ymax>
		</bndbox>
	</object>
	<object>
		<name>bot</name>
		<pose>Unspecified</pose>
		<truncated>0</truncated>
		<difficult>0</difficult>
		<bndbox>
			<xmin>1575</xmin>
			<ymin>664</ymin>
			<xmax>1749</xmax>
			<ymax>818</ymax>
		</bndbox>
	</object>
	<object>
		<name>bot</name>
		<pose>Unspecified</pose>
		<truncated>0</truncated>
		<difficult>0</difficult>
		<bndbox>
			<xmin>1769</xmin>
			<ymin>905</ymin>
			<xmax>1936</xmax>
			<ymax>1067</ymax>
		</bndbox>
	</object>
	<object>
		<name>bot</name>
		<pose>Unspecified</pose>
		<truncated>0</truncated>
		<difficult>0</difficult>
		<bndbox>
			<xmin>1981</xmin>
			<ymin>1096</ymin>
			<xmax>2133</xmax>
			<ymax>1257</ymax>
		</bndbox>
	</object>
	<object>
		<name>bot</name>
		<pose>Unspecified</pose>
		<truncated>0</truncated>
		<difficult>0</difficult>
		<bndbox>
			<xmin>3046</xmin>
			<ymin>2173</ymin>
			<xmax>3194</xmax>
			<ymax>2341</ymax>
		</bndbox>
	</object>
</annotation>
