<annotation>
	<folder>input</folder>
	<filename>2.jpg</filename>
	<path>C:\Users\Swetha\Desktop\annotation\input\2.jpg</path>
	<source>
		<database>Unknown</database>
	</source>
	<size>
		<width>2524</width>
		<height>2172</height>
		<depth>3</depth>
	</size>
	<segmented>0</segmented>
	<object>
		<name>bot</name>
		<pose>Unspecified</pose>
		<truncated>0</truncated>
		<difficult>0</difficult>
		<bndbox>
			<xmin>1009</xmin>
			<ymin>495</ymin>
			<xmax>1112</xmax>
			<ymax>599</ymax>
		</bndbox>
	</object>
	<object>
		<name>bot</name>
		<pose>Unspecified</pose>
		<truncated>0</truncated>
		<difficult>0</difficult>
		<bndbox>
			<xmin>1144</xmin>
			<ymin>381</ymin>
			<xmax>1247</xmax>
			<ymax>481</ymax>
		</bndbox>
	</object>
	<object>
		<name>bot</name>
		<pose>Unspecified</pose>
		<truncated>0</truncated>
		<difficult>0</difficult>
		<bndbox>
			<xmin>1279</xmin>
			<ymin>385</ymin>
			<xmax>1384</xmax>
			<ymax>471</ymax>
		</bndbox>
	</object>
	<object>
		<name>bot</name>
		<pose>Unspecified</pose>
		<truncated>0</truncated>
		<difficult>0</difficult>
		<bndbox>
			<xmin>1412</xmin>
			<ymin>383</ymin>
			<xmax>1516</xmax>
			<ymax>474</ymax>
		</bndbox>
	</object>
	<object>
		<name>arena</name>
		<pose>Unspecified</pose>
		<truncated>0</truncated>
		<difficult>0</difficult>
		<bndbox>
			<xmin>86</xmin>
			<ymin>376</ymin>
			<xmax>2479</xmax>
			<ymax>1690</ymax>
		</bndbox>
	</object>
</annotation>
