<annotation>
	<folder>input</folder>
	<filename>20.jpg</filename>
	<path>C:\Users\Swetha\Desktop\annotation\input\20.jpg</path>
	<source>
		<database>Unknown</database>
	</source>
	<size>
		<width>2444</width>
		<height>2176</height>
		<depth>3</depth>
	</size>
	<segmented>0</segmented>
	<object>
		<name>arena</name>
		<pose>Unspecified</pose>
		<truncated>0</truncated>
		<difficult>0</difficult>
		<bndbox>
			<xmin>100</xmin>
			<ymin>394</ymin>
			<xmax>2423</xmax>
			<ymax>1699</ymax>
		</bndbox>
	</object>
	<object>
		<name>bot</name>
		<pose>Unspecified</pose>
		<truncated>0</truncated>
		<difficult>0</difficult>
		<bndbox>
			<xmin>988</xmin>
			<ymin>378</ymin>
			<xmax>1090</xmax>
			<ymax>492</ymax>
		</bndbox>
	</object>
	<object>
		<name>bot</name>
		<pose>Unspecified</pose>
		<truncated>0</truncated>
		<difficult>0</difficult>
		<bndbox>
			<xmin>1123</xmin>
			<ymin>904</ymin>
			<xmax>1223</xmax>
			<ymax>1008</ymax>
		</bndbox>
	</object>
	<object>
		<name>bot</name>
		<pose>Unspecified</pose>
		<truncated>0</truncated>
		<difficult>0</difficult>
		<bndbox>
			<xmin>1258</xmin>
			<ymin>387</ymin>
			<xmax>1362</xmax>
			<ymax>480</ymax>
		</bndbox>
	</object>
	<object>
		<name>bot</name>
		<pose>Unspecified</pose>
		<truncated>0</truncated>
		<difficult>0</difficult>
		<bndbox>
			<xmin>1386</xmin>
			<ymin>394</ymin>
			<xmax>1493</xmax>
			<ymax>490</ymax>
		</bndbox>
	</object>
</annotation>
