<annotation>
	<folder>input</folder>
	<filename>200.jpg</filename>
	<path>C:\Users\Swetha\Desktop\annotation\input\200.jpg</path>
	<source>
		<database>Unknown</database>
	</source>
	<size>
		<width>4000</width>
		<height>3000</height>
		<depth>3</depth>
	</size>
	<segmented>0</segmented>
	<object>
		<name>arena</name>
		<pose>Unspecified</pose>
		<truncated>0</truncated>
		<difficult>0</difficult>
		<bndbox>
			<xmin>143</xmin>
			<ymin>547</ymin>
			<xmax>3769</xmax>
			<ymax>2528</ymax>
		</bndbox>
	</object>
	<object>
		<name>bot</name>
		<pose>Unspecified</pose>
		<truncated>0</truncated>
		<difficult>0</difficult>
		<bndbox>
			<xmin>1494</xmin>
			<ymin>709</ymin>
			<xmax>1659</xmax>
			<ymax>860</ymax>
		</bndbox>
	</object>
	<object>
		<name>bot</name>
		<pose>Unspecified</pose>
		<truncated>0</truncated>
		<difficult>0</difficult>
		<bndbox>
			<xmin>1678</xmin>
			<ymin>951</ymin>
			<xmax>1843</xmax>
			<ymax>1099</ymax>
		</bndbox>
	</object>
	<object>
		<name>bot</name>
		<pose>Unspecified</pose>
		<truncated>0</truncated>
		<difficult>0</difficult>
		<bndbox>
			<xmin>1901</xmin>
			<ymin>1128</ymin>
			<xmax>2056</xmax>
			<ymax>1293</ymax>
		</bndbox>
	</object>
	<object>
		<name>bot</name>
		<pose>Unspecified</pose>
		<truncated>0</truncated>
		<difficult>0</difficult>
		<bndbox>
			<xmin>3549</xmin>
			<ymin>2151</ymin>
			<xmax>3720</xmax>
			<ymax>2318</ymax>
		</bndbox>
	</object>
</annotation>
