<annotation>
	<folder>input</folder>
	<filename>203.jpg</filename>
	<path>C:\Users\Swetha\Desktop\annotation\input\203.jpg</path>
	<source>
		<database>Unknown</database>
	</source>
	<size>
		<width>4000</width>
		<height>3000</height>
		<depth>3</depth>
	</size>
	<segmented>0</segmented>
	<object>
		<name>arena</name>
		<pose>Unspecified</pose>
		<truncated>0</truncated>
		<difficult>0</difficult>
		<bndbox>
			<xmin>136</xmin>
			<ymin>476</ymin>
			<xmax>3740</xmax>
			<ymax>2470</ymax>
		</bndbox>
	</object>
	<object>
		<name>bot</name>
		<pose>Unspecified</pose>
		<truncated>0</truncated>
		<difficult>0</difficult>
		<bndbox>
			<xmin>1504</xmin>
			<ymin>635</ymin>
			<xmax>1659</xmax>
			<ymax>796</ymax>
		</bndbox>
	</object>
	<object>
		<name>bot</name>
		<pose>Unspecified</pose>
		<truncated>0</truncated>
		<difficult>0</difficult>
		<bndbox>
			<xmin>1685</xmin>
			<ymin>886</ymin>
			<xmax>1846</xmax>
			<ymax>1035</ymax>
		</bndbox>
	</object>
	<object>
		<name>bot</name>
		<pose>Unspecified</pose>
		<truncated>0</truncated>
		<difficult>0</difficult>
		<bndbox>
			<xmin>1901</xmin>
			<ymin>1689</ymin>
			<xmax>2065</xmax>
			<ymax>1854</ymax>
		</bndbox>
	</object>
	<object>
		<name>bot</name>
		<pose>Unspecified</pose>
		<truncated>0</truncated>
		<difficult>0</difficult>
		<bndbox>
			<xmin>3517</xmin>
			<ymin>2115</ymin>
			<xmax>3704</xmax>
			<ymax>2276</ymax>
		</bndbox>
	</object>
</annotation>
