<annotation>
	<folder>input</folder>
	<filename>205.jpg</filename>
	<path>C:\Users\Swetha\Desktop\annotation\input\205.jpg</path>
	<source>
		<database>Unknown</database>
	</source>
	<size>
		<width>4000</width>
		<height>3000</height>
		<depth>3</depth>
	</size>
	<segmented>0</segmented>
	<object>
		<name>arena</name>
		<pose>Unspecified</pose>
		<truncated>0</truncated>
		<difficult>0</difficult>
		<bndbox>
			<xmin>333</xmin>
			<ymin>602</ymin>
			<xmax>3827</xmax>
			<ymax>2515</ymax>
		</bndbox>
	</object>
	<object>
		<name>bot</name>
		<pose>Unspecified</pose>
		<truncated>0</truncated>
		<difficult>0</difficult>
		<bndbox>
			<xmin>1656</xmin>
			<ymin>780</ymin>
			<xmax>1804</xmax>
			<ymax>938</ymax>
		</bndbox>
	</object>
	<object>
		<name>bot</name>
		<pose>Unspecified</pose>
		<truncated>0</truncated>
		<difficult>0</difficult>
		<bndbox>
			<xmin>1843</xmin>
			<ymin>1012</ymin>
			<xmax>1998</xmax>
			<ymax>1167</ymax>
		</bndbox>
	</object>
	<object>
		<name>bot</name>
		<pose>Unspecified</pose>
		<truncated>0</truncated>
		<difficult>0</difficult>
		<bndbox>
			<xmin>2069</xmin>
			<ymin>2186</ymin>
			<xmax>2227</xmax>
			<ymax>2344</ymax>
		</bndbox>
	</object>
	<object>
		<name>bot</name>
		<pose>Unspecified</pose>
		<truncated>0</truncated>
		<difficult>0</difficult>
		<bndbox>
			<xmin>3646</xmin>
			<ymin>2151</ymin>
			<xmax>3807</xmax>
			<ymax>2312</ymax>
		</bndbox>
	</object>
</annotation>
