<annotation>
	<folder>input</folder>
	<filename>206.jpg</filename>
	<path>C:\Users\Swetha\Desktop\annotation\input\206.jpg</path>
	<source>
		<database>Unknown</database>
	</source>
	<size>
		<width>4000</width>
		<height>3000</height>
		<depth>3</depth>
	</size>
	<segmented>0</segmented>
	<object>
		<name>arena</name>
		<pose>Unspecified</pose>
		<truncated>0</truncated>
		<difficult>0</difficult>
		<bndbox>
			<xmin>249</xmin>
			<ymin>599</ymin>
			<xmax>3775</xmax>
			<ymax>2525</ymax>
		</bndbox>
	</object>
	<object>
		<name>bot</name>
		<pose>Unspecified</pose>
		<truncated>0</truncated>
		<difficult>0</difficult>
		<bndbox>
			<xmin>1614</xmin>
			<ymin>764</ymin>
			<xmax>1759</xmax>
			<ymax>909</ymax>
		</bndbox>
	</object>
	<object>
		<name>bot</name>
		<pose>Unspecified</pose>
		<truncated>0</truncated>
		<difficult>0</difficult>
		<bndbox>
			<xmin>1794</xmin>
			<ymin>993</ymin>
			<xmax>1959</xmax>
			<ymax>1141</ymax>
		</bndbox>
	</object>
	<object>
		<name>bot</name>
		<pose>Unspecified</pose>
		<truncated>0</truncated>
		<difficult>0</difficult>
		<bndbox>
			<xmin>2014</xmin>
			<ymin>2399</ymin>
			<xmax>2165</xmax>
			<ymax>2547</ymax>
		</bndbox>
	</object>
	<object>
		<name>bot</name>
		<pose>Unspecified</pose>
		<truncated>0</truncated>
		<difficult>0</difficult>
		<bndbox>
			<xmin>3598</xmin>
			<ymin>2186</ymin>
			<xmax>3775</xmax>
			<ymax>2347</ymax>
		</bndbox>
	</object>
</annotation>
