<annotation>
	<folder>input</folder>
	<filename>208.jpg</filename>
	<path>C:\Users\Swetha\Desktop\annotation\input\208.jpg</path>
	<source>
		<database>Unknown</database>
	</source>
	<size>
		<width>4000</width>
		<height>3000</height>
		<depth>3</depth>
	</size>
	<segmented>0</segmented>
	<object>
		<name>arena</name>
		<pose>Unspecified</pose>
		<truncated>0</truncated>
		<difficult>0</difficult>
		<bndbox>
			<xmin>252</xmin>
			<ymin>573</ymin>
			<xmax>3765</xmax>
			<ymax>2547</ymax>
		</bndbox>
	</object>
	<object>
		<name>bot</name>
		<pose>Unspecified</pose>
		<truncated>0</truncated>
		<difficult>0</difficult>
		<bndbox>
			<xmin>1594</xmin>
			<ymin>770</ymin>
			<xmax>1746</xmax>
			<ymax>931</ymax>
		</bndbox>
	</object>
	<object>
		<name>bot</name>
		<pose>Unspecified</pose>
		<truncated>0</truncated>
		<difficult>0</difficult>
		<bndbox>
			<xmin>1788</xmin>
			<ymin>1018</ymin>
			<xmax>1933</xmax>
			<ymax>1173</ymax>
		</bndbox>
	</object>
	<object>
		<name>bot</name>
		<pose>Unspecified</pose>
		<truncated>0</truncated>
		<difficult>0</difficult>
		<bndbox>
			<xmin>2420</xmin>
			<ymin>2418</ymin>
			<xmax>2552</xmax>
			<ymax>2583</ymax>
		</bndbox>
	</object>
	<object>
		<name>bot</name>
		<pose>Unspecified</pose>
		<truncated>0</truncated>
		<difficult>0</difficult>
		<bndbox>
			<xmin>3607</xmin>
			<ymin>2196</ymin>
			<xmax>3775</xmax>
			<ymax>2354</ymax>
		</bndbox>
	</object>
</annotation>
