<annotation>
	<folder>input</folder>
	<filename>209.jpg</filename>
	<path>C:\Users\Swetha\Desktop\annotation\input\209.jpg</path>
	<source>
		<database>Unknown</database>
	</source>
	<size>
		<width>4000</width>
		<height>3000</height>
		<depth>3</depth>
	</size>
	<segmented>0</segmented>
	<object>
		<name>arena</name>
		<pose>Unspecified</pose>
		<truncated>0</truncated>
		<difficult>0</difficult>
		<bndbox>
			<xmin>298</xmin>
			<ymin>554</ymin>
			<xmax>3772</xmax>
			<ymax>2467</ymax>
		</bndbox>
	</object>
	<object>
		<name>bot</name>
		<pose>Unspecified</pose>
		<truncated>0</truncated>
		<difficult>0</difficult>
		<bndbox>
			<xmin>1617</xmin>
			<ymin>741</ymin>
			<xmax>1765</xmax>
			<ymax>889</ymax>
		</bndbox>
	</object>
	<object>
		<name>bot</name>
		<pose>Unspecified</pose>
		<truncated>0</truncated>
		<difficult>0</difficult>
		<bndbox>
			<xmin>1798</xmin>
			<ymin>980</ymin>
			<xmax>1940</xmax>
			<ymax>1122</ymax>
		</bndbox>
	</object>
	<object>
		<name>bot</name>
		<pose>Unspecified</pose>
		<truncated>0</truncated>
		<difficult>0</difficult>
		<bndbox>
			<xmin>2588</xmin>
			<ymin>2351</ymin>
			<xmax>2746</xmax>
			<ymax>2499</ymax>
		</bndbox>
	</object>
	<object>
		<name>bot</name>
		<pose>Unspecified</pose>
		<truncated>0</truncated>
		<difficult>0</difficult>
		<bndbox>
			<xmin>3569</xmin>
			<ymin>2144</ymin>
			<xmax>3730</xmax>
			<ymax>2305</ymax>
		</bndbox>
	</object>
</annotation>
