<annotation>
	<folder>input</folder>
	<filename>21.jpg</filename>
	<path>C:\Users\Swetha\Desktop\annotation\input\21.jpg</path>
	<source>
		<database>Unknown</database>
	</source>
	<size>
		<width>2444</width>
		<height>2096</height>
		<depth>3</depth>
	</size>
	<segmented>0</segmented>
	<object>
		<name>arena</name>
		<pose>Unspecified</pose>
		<truncated>0</truncated>
		<difficult>0</difficult>
		<bndbox>
			<xmin>54</xmin>
			<ymin>370</ymin>
			<xmax>2307</xmax>
			<ymax>1621</ymax>
		</bndbox>
	</object>
	<object>
		<name>bot</name>
		<pose>Unspecified</pose>
		<truncated>0</truncated>
		<difficult>0</difficult>
		<bndbox>
			<xmin>1069</xmin>
			<ymin>994</ymin>
			<xmax>1161</xmax>
			<ymax>1090</ymax>
		</bndbox>
	</object>
	<object>
		<name>bot</name>
		<pose>Unspecified</pose>
		<truncated>0</truncated>
		<difficult>0</difficult>
		<bndbox>
			<xmin>1205</xmin>
			<ymin>361</ymin>
			<xmax>1303</xmax>
			<ymax>450</ymax>
		</bndbox>
	</object>
	<object>
		<name>bot</name>
		<pose>Unspecified</pose>
		<truncated>0</truncated>
		<difficult>0</difficult>
		<bndbox>
			<xmin>1332</xmin>
			<ymin>367</ymin>
			<xmax>1427</xmax>
			<ymax>456</ymax>
		</bndbox>
	</object>
	<object>
		<name>bot</name>
		<pose>Unspecified</pose>
		<truncated>0</truncated>
		<difficult>0</difficult>
		<bndbox>
			<xmin>958</xmin>
			<ymin>356</ymin>
			<xmax>1054</xmax>
			<ymax>456</ymax>
		</bndbox>
	</object>
</annotation>
