<annotation>
	<folder>input</folder>
	<filename>211.jpg</filename>
	<path>C:\Users\Swetha\Desktop\annotation\input\211.jpg</path>
	<source>
		<database>Unknown</database>
	</source>
	<size>
		<width>4000</width>
		<height>3000</height>
		<depth>3</depth>
	</size>
	<segmented>0</segmented>
	<object>
		<name>arena</name>
		<pose>Unspecified</pose>
		<truncated>0</truncated>
		<difficult>0</difficult>
		<bndbox>
			<xmin>243</xmin>
			<ymin>605</ymin>
			<xmax>3610</xmax>
			<ymax>2428</ymax>
		</bndbox>
	</object>
	<object>
		<name>bot</name>
		<pose>Unspecified</pose>
		<truncated>0</truncated>
		<difficult>0</difficult>
		<bndbox>
			<xmin>1552</xmin>
			<ymin>767</ymin>
			<xmax>1694</xmax>
			<ymax>915</ymax>
		</bndbox>
	</object>
	<object>
		<name>bot</name>
		<pose>Unspecified</pose>
		<truncated>0</truncated>
		<difficult>0</difficult>
		<bndbox>
			<xmin>1723</xmin>
			<ymin>999</ymin>
			<xmax>1888</xmax>
			<ymax>1154</ymax>
		</bndbox>
	</object>
	<object>
		<name>bot</name>
		<pose>Unspecified</pose>
		<truncated>0</truncated>
		<difficult>0</difficult>
		<bndbox>
			<xmin>2869</xmin>
			<ymin>2312</ymin>
			<xmax>3001</xmax>
			<ymax>2476</ymax>
		</bndbox>
	</object>
	<object>
		<name>bot</name>
		<pose>Unspecified</pose>
		<truncated>0</truncated>
		<difficult>0</difficult>
		<bndbox>
			<xmin>3378</xmin>
			<ymin>2109</ymin>
			<xmax>3520</xmax>
			<ymax>2264</ymax>
		</bndbox>
	</object>
</annotation>
