<annotation>
	<folder>input</folder>
	<filename>212.jpg</filename>
	<path>C:\Users\Swetha\Desktop\annotation\input\212.jpg</path>
	<source>
		<database>Unknown</database>
	</source>
	<size>
		<width>4000</width>
		<height>3000</height>
		<depth>3</depth>
	</size>
	<segmented>0</segmented>
	<object>
		<name>arena</name>
		<pose>Unspecified</pose>
		<truncated>0</truncated>
		<difficult>0</difficult>
		<bndbox>
			<xmin>152</xmin>
			<ymin>567</ymin>
			<xmax>3656</xmax>
			<ymax>2496</ymax>
		</bndbox>
	</object>
	<object>
		<name>bot</name>
		<pose>Unspecified</pose>
		<truncated>0</truncated>
		<difficult>0</difficult>
		<bndbox>
			<xmin>1523</xmin>
			<ymin>770</ymin>
			<xmax>1669</xmax>
			<ymax>925</ymax>
		</bndbox>
	</object>
	<object>
		<name>bot</name>
		<pose>Unspecified</pose>
		<truncated>0</truncated>
		<difficult>0</difficult>
		<bndbox>
			<xmin>1707</xmin>
			<ymin>1005</ymin>
			<xmax>1849</xmax>
			<ymax>1154</ymax>
		</bndbox>
	</object>
	<object>
		<name>bot</name>
		<pose>Unspecified</pose>
		<truncated>0</truncated>
		<difficult>0</difficult>
		<bndbox>
			<xmin>3098</xmin>
			<ymin>2380</ymin>
			<xmax>3246</xmax>
			<ymax>2531</ymax>
		</bndbox>
	</object>
	<object>
		<name>bot</name>
		<pose>Unspecified</pose>
		<truncated>0</truncated>
		<difficult>0</difficult>
		<bndbox>
			<xmin>3449</xmin>
			<ymin>2154</ymin>
			<xmax>3614</xmax>
			<ymax>2305</ymax>
		</bndbox>
	</object>
</annotation>
