<annotation>
	<folder>input</folder>
	<filename>216.jpg</filename>
	<path>C:\Users\Swetha\Desktop\annotation\input\216.jpg</path>
	<source>
		<database>Unknown</database>
	</source>
	<size>
		<width>4000</width>
		<height>3000</height>
		<depth>3</depth>
	</size>
	<segmented>0</segmented>
	<object>
		<name>arena</name>
		<pose>Unspecified</pose>
		<truncated>0</truncated>
		<difficult>0</difficult>
		<bndbox>
			<xmin>172</xmin>
			<ymin>651</ymin>
			<xmax>3698</xmax>
			<ymax>2589</ymax>
		</bndbox>
	</object>
	<object>
		<name>bot</name>
		<pose>Unspecified</pose>
		<truncated>0</truncated>
		<difficult>0</difficult>
		<bndbox>
			<xmin>1533</xmin>
			<ymin>805</ymin>
			<xmax>1681</xmax>
			<ymax>960</ymax>
		</bndbox>
	</object>
	<object>
		<name>bot</name>
		<pose>Unspecified</pose>
		<truncated>0</truncated>
		<difficult>0</difficult>
		<bndbox>
			<xmin>1736</xmin>
			<ymin>1851</ymin>
			<xmax>1891</xmax>
			<ymax>1989</ymax>
		</bndbox>
	</object>
	<object>
		<name>bot</name>
		<pose>Unspecified</pose>
		<truncated>0</truncated>
		<difficult>0</difficult>
		<bndbox>
			<xmin>3130</xmin>
			<ymin>2457</ymin>
			<xmax>3278</xmax>
			<ymax>2609</ymax>
		</bndbox>
	</object>
	<object>
		<name>bot</name>
		<pose>Unspecified</pose>
		<truncated>0</truncated>
		<difficult>0</difficult>
		<bndbox>
			<xmin>3501</xmin>
			<ymin>2231</ymin>
			<xmax>3652</xmax>
			<ymax>2376</ymax>
		</bndbox>
	</object>
</annotation>
