<annotation>
	<folder>input</folder>
	<filename>217.jpg</filename>
	<path>C:\Users\Swetha\Desktop\annotation\input\217.jpg</path>
	<source>
		<database>Unknown</database>
	</source>
	<size>
		<width>4000</width>
		<height>3000</height>
		<depth>3</depth>
	</size>
	<segmented>0</segmented>
	<object>
		<name>arena</name>
		<pose>Unspecified</pose>
		<truncated>0</truncated>
		<difficult>0</difficult>
		<bndbox>
			<xmin>27</xmin>
			<ymin>712</ymin>
			<xmax>3649</xmax>
			<ymax>2731</ymax>
		</bndbox>
	</object>
	<object>
		<name>bot</name>
		<pose>Unspecified</pose>
		<truncated>0</truncated>
		<difficult>0</difficult>
		<bndbox>
			<xmin>1430</xmin>
			<ymin>899</ymin>
			<xmax>1585</xmax>
			<ymax>1057</ymax>
		</bndbox>
	</object>
	<object>
		<name>bot</name>
		<pose>Unspecified</pose>
		<truncated>0</truncated>
		<difficult>0</difficult>
		<bndbox>
			<xmin>1601</xmin>
			<ymin>2141</ymin>
			<xmax>1752</xmax>
			<ymax>2305</ymax>
		</bndbox>
	</object>
	<object>
		<name>bot</name>
		<pose>Unspecified</pose>
		<truncated>0</truncated>
		<difficult>0</difficult>
		<bndbox>
			<xmin>3046</xmin>
			<ymin>2599</ymin>
			<xmax>3207</xmax>
			<ymax>2760</ymax>
		</bndbox>
	</object>
	<object>
		<name>bot</name>
		<pose>Unspecified</pose>
		<truncated>0</truncated>
		<difficult>0</difficult>
		<bndbox>
			<xmin>3423</xmin>
			<ymin>2367</ymin>
			<xmax>3594</xmax>
			<ymax>2535</ymax>
		</bndbox>
	</object>
</annotation>
