<annotation>
	<folder>input</folder>
	<filename>218.jpg</filename>
	<path>C:\Users\Swetha\Desktop\annotation\input\218.jpg</path>
	<source>
		<database>Unknown</database>
	</source>
	<size>
		<width>4000</width>
		<height>3000</height>
		<depth>3</depth>
	</size>
	<segmented>0</segmented>
	<object>
		<name>arena</name>
		<pose>Unspecified</pose>
		<truncated>0</truncated>
		<difficult>0</difficult>
		<bndbox>
			<xmin>46</xmin>
			<ymin>747</ymin>
			<xmax>3669</xmax>
			<ymax>2705</ymax>
		</bndbox>
	</object>
	<object>
		<name>bot</name>
		<pose>Unspecified</pose>
		<truncated>0</truncated>
		<difficult>0</difficult>
		<bndbox>
			<xmin>1443</xmin>
			<ymin>905</ymin>
			<xmax>1601</xmax>
			<ymax>1060</ymax>
		</bndbox>
	</object>
	<object>
		<name>bot</name>
		<pose>Unspecified</pose>
		<truncated>0</truncated>
		<difficult>0</difficult>
		<bndbox>
			<xmin>1630</xmin>
			<ymin>2364</ymin>
			<xmax>1791</xmax>
			<ymax>2518</ymax>
		</bndbox>
	</object>
	<object>
		<name>bot</name>
		<pose>Unspecified</pose>
		<truncated>0</truncated>
		<difficult>0</difficult>
		<bndbox>
			<xmin>3075</xmin>
			<ymin>2576</ymin>
			<xmax>3227</xmax>
			<ymax>2741</ymax>
		</bndbox>
	</object>
	<object>
		<name>bot</name>
		<pose>Unspecified</pose>
		<truncated>0</truncated>
		<difficult>0</difficult>
		<bndbox>
			<xmin>3456</xmin>
			<ymin>2341</ymin>
			<xmax>3607</xmax>
			<ymax>2499</ymax>
		</bndbox>
	</object>
</annotation>
