<annotation>
	<folder>input</folder>
	<filename>22.jpg</filename>
	<path>C:\Users\Swetha\Desktop\annotation\input\22.jpg</path>
	<source>
		<database>Unknown</database>
	</source>
	<size>
		<width>2460</width>
		<height>2208</height>
		<depth>3</depth>
	</size>
	<segmented>0</segmented>
	<object>
		<name>arena</name>
		<pose>Unspecified</pose>
		<truncated>0</truncated>
		<difficult>0</difficult>
		<bndbox>
			<xmin>31</xmin>
			<ymin>413</ymin>
			<xmax>2416</xmax>
			<ymax>1715</ymax>
		</bndbox>
	</object>
	<object>
		<name>bot</name>
		<pose>Unspecified</pose>
		<truncated>0</truncated>
		<difficult>0</difficult>
		<bndbox>
			<xmin>1102</xmin>
			<ymin>1218</ymin>
			<xmax>1202</xmax>
			<ymax>1313</ymax>
		</bndbox>
	</object>
	<object>
		<name>bot</name>
		<pose>Unspecified</pose>
		<truncated>0</truncated>
		<difficult>0</difficult>
		<bndbox>
			<xmin>1250</xmin>
			<ymin>401</ymin>
			<xmax>1352</xmax>
			<ymax>496</ymax>
		</bndbox>
	</object>
	<object>
		<name>bot</name>
		<pose>Unspecified</pose>
		<truncated>0</truncated>
		<difficult>0</difficult>
		<bndbox>
			<xmin>1376</xmin>
			<ymin>408</ymin>
			<xmax>1485</xmax>
			<ymax>504</ymax>
		</bndbox>
	</object>
	<object>
		<name>bot</name>
		<pose>Unspecified</pose>
		<truncated>0</truncated>
		<difficult>0</difficult>
		<bndbox>
			<xmin>969</xmin>
			<ymin>396</ymin>
			<xmax>1081</xmax>
			<ymax>508</ymax>
		</bndbox>
	</object>
</annotation>
