<annotation>
	<folder>input</folder>
	<filename>221.jpg</filename>
	<path>C:\Users\Swetha\Desktop\annotation\input\221.jpg</path>
	<source>
		<database>Unknown</database>
	</source>
	<size>
		<width>4000</width>
		<height>3000</height>
		<depth>3</depth>
	</size>
	<segmented>0</segmented>
	<object>
		<name>arena</name>
		<pose>Unspecified</pose>
		<truncated>0</truncated>
		<difficult>0</difficult>
		<bndbox>
			<xmin>123</xmin>
			<ymin>596</ymin>
			<xmax>3678</xmax>
			<ymax>2612</ymax>
		</bndbox>
	</object>
	<object>
		<name>bot</name>
		<pose>Unspecified</pose>
		<truncated>0</truncated>
		<difficult>0</difficult>
		<bndbox>
			<xmin>1507</xmin>
			<ymin>780</ymin>
			<xmax>1656</xmax>
			<ymax>935</ymax>
		</bndbox>
	</object>
	<object>
		<name>bot</name>
		<pose>Unspecified</pose>
		<truncated>0</truncated>
		<difficult>0</difficult>
		<bndbox>
			<xmin>1269</xmin>
			<ymin>2441</ymin>
			<xmax>1427</xmax>
			<ymax>2602</ymax>
		</bndbox>
	</object>
	<object>
		<name>bot</name>
		<pose>Unspecified</pose>
		<truncated>0</truncated>
		<difficult>0</difficult>
		<bndbox>
			<xmin>3078</xmin>
			<ymin>2467</ymin>
			<xmax>3243</xmax>
			<ymax>2615</ymax>
		</bndbox>
	</object>
	<object>
		<name>bot</name>
		<pose>Unspecified</pose>
		<truncated>0</truncated>
		<difficult>0</difficult>
		<bndbox>
			<xmin>3465</xmin>
			<ymin>2241</ymin>
			<xmax>3623</xmax>
			<ymax>2409</ymax>
		</bndbox>
	</object>
</annotation>
