<annotation>
	<folder>input</folder>
	<filename>222.jpg</filename>
	<path>C:\Users\Swetha\Desktop\annotation\input\222.jpg</path>
	<source>
		<database>Unknown</database>
	</source>
	<size>
		<width>4000</width>
		<height>3000</height>
		<depth>3</depth>
	</size>
	<segmented>0</segmented>
	<object>
		<name>arena</name>
		<pose>Unspecified</pose>
		<truncated>0</truncated>
		<difficult>0</difficult>
		<bndbox>
			<xmin>172</xmin>
			<ymin>631</ymin>
			<xmax>3720</xmax>
			<ymax>2605</ymax>
		</bndbox>
	</object>
	<object>
		<name>bot</name>
		<pose>Unspecified</pose>
		<truncated>0</truncated>
		<difficult>0</difficult>
		<bndbox>
			<xmin>1523</xmin>
			<ymin>805</ymin>
			<xmax>1675</xmax>
			<ymax>967</ymax>
		</bndbox>
	</object>
	<object>
		<name>bot</name>
		<pose>Unspecified</pose>
		<truncated>0</truncated>
		<difficult>0</difficult>
		<bndbox>
			<xmin>1107</xmin>
			<ymin>2483</ymin>
			<xmax>1262</xmax>
			<ymax>2628</ymax>
		</bndbox>
	</object>
	<object>
		<name>bot</name>
		<pose>Unspecified</pose>
		<truncated>0</truncated>
		<difficult>0</difficult>
		<bndbox>
			<xmin>3107</xmin>
			<ymin>2473</ymin>
			<xmax>3281</xmax>
			<ymax>2638</ymax>
		</bndbox>
	</object>
	<object>
		<name>bot</name>
		<pose>Unspecified</pose>
		<truncated>0</truncated>
		<difficult>0</difficult>
		<bndbox>
			<xmin>3504</xmin>
			<ymin>2251</ymin>
			<xmax>3659</xmax>
			<ymax>2418</ymax>
		</bndbox>
	</object>
</annotation>
