<annotation>
	<folder>input</folder>
	<filename>223.jpg</filename>
	<path>C:\Users\Swetha\Desktop\annotation\input\223.jpg</path>
	<source>
		<database>Unknown</database>
	</source>
	<size>
		<width>4000</width>
		<height>3000</height>
		<depth>3</depth>
	</size>
	<segmented>0</segmented>
	<object>
		<name>bot</name>
		<pose>Unspecified</pose>
		<truncated>0</truncated>
		<difficult>0</difficult>
		<bndbox>
			<xmin>1533</xmin>
			<ymin>770</ymin>
			<xmax>1698</xmax>
			<ymax>938</ymax>
		</bndbox>
	</object>
	<object>
		<name>bot</name>
		<pose>Unspecified</pose>
		<truncated>0</truncated>
		<difficult>0</difficult>
		<bndbox>
			<xmin>923</xmin>
			<ymin>2428</ymin>
			<xmax>1059</xmax>
			<ymax>2573</ymax>
		</bndbox>
	</object>
	<object>
		<name>bot</name>
		<pose>Unspecified</pose>
		<truncated>0</truncated>
		<difficult>0</difficult>
		<bndbox>
			<xmin>3127</xmin>
			<ymin>2438</ymin>
			<xmax>3285</xmax>
			<ymax>2589</ymax>
		</bndbox>
	</object>
	<object>
		<name>bot</name>
		<pose>Unspecified</pose>
		<truncated>0</truncated>
		<difficult>0</difficult>
		<bndbox>
			<xmin>3498</xmin>
			<ymin>2218</ymin>
			<xmax>3665</xmax>
			<ymax>2380</ymax>
		</bndbox>
	</object>
	<object>
		<name>arena</name>
		<pose>Unspecified</pose>
		<truncated>0</truncated>
		<difficult>0</difficult>
		<bndbox>
			<xmin>188</xmin>
			<ymin>596</ymin>
			<xmax>3743</xmax>
			<ymax>2557</ymax>
		</bndbox>
	</object>
</annotation>
