<annotation>
	<folder>input</folder>
	<filename>224.jpg</filename>
	<path>C:\Users\Swetha\Desktop\annotation\input\224.jpg</path>
	<source>
		<database>Unknown</database>
	</source>
	<size>
		<width>4000</width>
		<height>3000</height>
		<depth>3</depth>
	</size>
	<segmented>0</segmented>
	<object>
		<name>arena</name>
		<pose>Unspecified</pose>
		<truncated>0</truncated>
		<difficult>0</difficult>
		<bndbox>
			<xmin>149</xmin>
			<ymin>609</ymin>
			<xmax>3727</xmax>
			<ymax>2531</ymax>
		</bndbox>
	</object>
	<object>
		<name>bot</name>
		<pose>Unspecified</pose>
		<truncated>0</truncated>
		<difficult>0</difficult>
		<bndbox>
			<xmin>1527</xmin>
			<ymin>764</ymin>
			<xmax>1685</xmax>
			<ymax>918</ymax>
		</bndbox>
	</object>
	<object>
		<name>bot</name>
		<pose>Unspecified</pose>
		<truncated>0</truncated>
		<difficult>0</difficult>
		<bndbox>
			<xmin>733</xmin>
			<ymin>2402</ymin>
			<xmax>875</xmax>
			<ymax>2551</ymax>
		</bndbox>
	</object>
	<object>
		<name>bot</name>
		<pose>Unspecified</pose>
		<truncated>0</truncated>
		<difficult>0</difficult>
		<bndbox>
			<xmin>3136</xmin>
			<ymin>2412</ymin>
			<xmax>3278</xmax>
			<ymax>2564</ymax>
		</bndbox>
	</object>
	<object>
		<name>bot</name>
		<pose>Unspecified</pose>
		<truncated>0</truncated>
		<difficult>0</difficult>
		<bndbox>
			<xmin>3510</xmin>
			<ymin>2189</ymin>
			<xmax>3669</xmax>
			<ymax>2357</ymax>
		</bndbox>
	</object>
</annotation>
