<annotation>
	<folder>input</folder>
	<filename>225.jpg</filename>
	<path>C:\Users\Swetha\Desktop\annotation\input\225.jpg</path>
	<source>
		<database>Unknown</database>
	</source>
	<size>
		<width>4000</width>
		<height>3000</height>
		<depth>3</depth>
	</size>
	<segmented>0</segmented>
	<object>
		<name>arena</name>
		<pose>Unspecified</pose>
		<truncated>0</truncated>
		<difficult>0</difficult>
		<bndbox>
			<xmin>169</xmin>
			<ymin>580</ymin>
			<xmax>3762</xmax>
			<ymax>2576</ymax>
		</bndbox>
	</object>
	<object>
		<name>bot</name>
		<pose>Unspecified</pose>
		<truncated>0</truncated>
		<difficult>0</difficult>
		<bndbox>
			<xmin>1549</xmin>
			<ymin>757</ymin>
			<xmax>1704</xmax>
			<ymax>915</ymax>
		</bndbox>
	</object>
	<object>
		<name>bot</name>
		<pose>Unspecified</pose>
		<truncated>0</truncated>
		<difficult>0</difficult>
		<bndbox>
			<xmin>540</xmin>
			<ymin>2402</ymin>
			<xmax>675</xmax>
			<ymax>2554</ymax>
		</bndbox>
	</object>
	<object>
		<name>bot</name>
		<pose>Unspecified</pose>
		<truncated>0</truncated>
		<difficult>0</difficult>
		<bndbox>
			<xmin>3156</xmin>
			<ymin>2435</ymin>
			<xmax>3317</xmax>
			<ymax>2596</ymax>
		</bndbox>
	</object>
	<object>
		<name>bot</name>
		<pose>Unspecified</pose>
		<truncated>0</truncated>
		<difficult>0</difficult>
		<bndbox>
			<xmin>3536</xmin>
			<ymin>2209</ymin>
			<xmax>3698</xmax>
			<ymax>2386</ymax>
		</bndbox>
	</object>
</annotation>
