<annotation>
	<folder>input</folder>
	<filename>226.jpg</filename>
	<path>C:\Users\Swetha\Desktop\annotation\input\226.jpg</path>
	<source>
		<database>Unknown</database>
	</source>
	<size>
		<width>4000</width>
		<height>3000</height>
		<depth>3</depth>
	</size>
	<segmented>0</segmented>
	<object>
		<name>arena</name>
		<pose>Unspecified</pose>
		<truncated>0</truncated>
		<difficult>0</difficult>
		<bndbox>
			<xmin>33</xmin>
			<ymin>628</ymin>
			<xmax>3694</xmax>
			<ymax>2654</ymax>
		</bndbox>
	</object>
	<object>
		<name>bot</name>
		<pose>Unspecified</pose>
		<truncated>0</truncated>
		<difficult>0</difficult>
		<bndbox>
			<xmin>1446</xmin>
			<ymin>796</ymin>
			<xmax>1607</xmax>
			<ymax>960</ymax>
		</bndbox>
	</object>
	<object>
		<name>bot</name>
		<pose>Unspecified</pose>
		<truncated>0</truncated>
		<difficult>0</difficult>
		<bndbox>
			<xmin>201</xmin>
			<ymin>2496</ymin>
			<xmax>356</xmax>
			<ymax>2651</ymax>
		</bndbox>
	</object>
	<object>
		<name>bot</name>
		<pose>Unspecified</pose>
		<truncated>0</truncated>
		<difficult>0</difficult>
		<bndbox>
			<xmin>3085</xmin>
			<ymin>2512</ymin>
			<xmax>3240</xmax>
			<ymax>2676</ymax>
		</bndbox>
	</object>
	<object>
		<name>bot</name>
		<pose>Unspecified</pose>
		<truncated>0</truncated>
		<difficult>0</difficult>
		<bndbox>
			<xmin>3465</xmin>
			<ymin>2276</ymin>
			<xmax>3630</xmax>
			<ymax>2451</ymax>
		</bndbox>
	</object>
</annotation>
