<annotation>
	<folder>input</folder>
	<filename>227.jpg</filename>
	<path>C:\Users\Swetha\Desktop\annotation\input\227.jpg</path>
	<source>
		<database>Unknown</database>
	</source>
	<size>
		<width>4000</width>
		<height>3000</height>
		<depth>3</depth>
	</size>
	<segmented>0</segmented>
	<object>
		<name>arena</name>
		<pose>Unspecified</pose>
		<truncated>0</truncated>
		<difficult>0</difficult>
		<bndbox>
			<xmin>94</xmin>
			<ymin>544</ymin>
			<xmax>3720</xmax>
			<ymax>2596</ymax>
		</bndbox>
	</object>
	<object>
		<name>bot</name>
		<pose>Unspecified</pose>
		<truncated>0</truncated>
		<difficult>0</difficult>
		<bndbox>
			<xmin>249</xmin>
			<ymin>2412</ymin>
			<xmax>420</xmax>
			<ymax>2570</ymax>
		</bndbox>
	</object>
	<object>
		<name>bot</name>
		<pose>Unspecified</pose>
		<truncated>0</truncated>
		<difficult>0</difficult>
		<bndbox>
			<xmin>1485</xmin>
			<ymin>935</ymin>
			<xmax>1652</xmax>
			<ymax>1102</ymax>
		</bndbox>
	</object>
	<object>
		<name>bot</name>
		<pose>Unspecified</pose>
		<truncated>0</truncated>
		<difficult>0</difficult>
		<bndbox>
			<xmin>3130</xmin>
			<ymin>2464</ymin>
			<xmax>3291</xmax>
			<ymax>2612</ymax>
		</bndbox>
	</object>
	<object>
		<name>bot</name>
		<pose>Unspecified</pose>
		<truncated>0</truncated>
		<difficult>0</difficult>
		<bndbox>
			<xmin>3514</xmin>
			<ymin>2241</ymin>
			<xmax>3675</xmax>
			<ymax>2399</ymax>
		</bndbox>
	</object>
</annotation>
