<annotation>
	<folder>input</folder>
	<filename>23.jpg</filename>
	<path>C:\Users\Swetha\Desktop\annotation\input\23.jpg</path>
	<source>
		<database>Unknown</database>
	</source>
	<size>
		<width>2484</width>
		<height>2144</height>
		<depth>3</depth>
	</size>
	<segmented>0</segmented>
	<object>
		<name>arena</name>
		<pose>Unspecified</pose>
		<truncated>0</truncated>
		<difficult>0</difficult>
		<bndbox>
			<xmin>88</xmin>
			<ymin>389</ymin>
			<xmax>2395</xmax>
			<ymax>1667</ymax>
		</bndbox>
	</object>
	<object>
		<name>bot</name>
		<pose>Unspecified</pose>
		<truncated>0</truncated>
		<difficult>0</difficult>
		<bndbox>
			<xmin>1100</xmin>
			<ymin>1292</ymin>
			<xmax>1204</xmax>
			<ymax>1401</ymax>
		</bndbox>
	</object>
	<object>
		<name>bot</name>
		<pose>Unspecified</pose>
		<truncated>0</truncated>
		<difficult>0</difficult>
		<bndbox>
			<xmin>982</xmin>
			<ymin>387</ymin>
			<xmax>1077</xmax>
			<ymax>485</ymax>
		</bndbox>
	</object>
	<object>
		<name>bot</name>
		<pose>Unspecified</pose>
		<truncated>0</truncated>
		<difficult>0</difficult>
		<bndbox>
			<xmin>1238</xmin>
			<ymin>389</ymin>
			<xmax>1350</xmax>
			<ymax>480</ymax>
		</bndbox>
	</object>
	<object>
		<name>bot</name>
		<pose>Unspecified</pose>
		<truncated>0</truncated>
		<difficult>0</difficult>
		<bndbox>
			<xmin>1361</xmin>
			<ymin>392</ymin>
			<xmax>1475</xmax>
			<ymax>487</ymax>
		</bndbox>
	</object>
</annotation>
