<annotation>
	<folder>input</folder>
	<filename>231.jpg</filename>
	<path>C:\Users\Swetha\Desktop\annotation\input\231.jpg</path>
	<source>
		<database>Unknown</database>
	</source>
	<size>
		<width>4000</width>
		<height>3000</height>
		<depth>3</depth>
	</size>
	<segmented>0</segmented>
	<object>
		<name>bot</name>
		<pose>Unspecified</pose>
		<truncated>0</truncated>
		<difficult>0</difficult>
		<bndbox>
			<xmin>1633</xmin>
			<ymin>1725</ymin>
			<xmax>1804</xmax>
			<ymax>1886</ymax>
		</bndbox>
	</object>
	<object>
		<name>arena</name>
		<pose>Unspecified</pose>
		<truncated>0</truncated>
		<difficult>0</difficult>
		<bndbox>
			<xmin>265</xmin>
			<ymin>537</ymin>
			<xmax>3848</xmax>
			<ymax>2466</ymax>
		</bndbox>
	</object>
	<object>
		<name>bot</name>
		<pose>Unspecified</pose>
		<truncated>0</truncated>
		<difficult>0</difficult>
		<bndbox>
			<xmin>481</xmin>
			<ymin>2364</ymin>
			<xmax>636</xmax>
			<ymax>2512</ymax>
		</bndbox>
	</object>
	<object>
		<name>bot</name>
		<pose>Unspecified</pose>
		<truncated>0</truncated>
		<difficult>0</difficult>
		<bndbox>
			<xmin>3210</xmin>
			<ymin>2344</ymin>
			<xmax>3394</xmax>
			<ymax>2505</ymax>
		</bndbox>
	</object>
	<object>
		<name>bot</name>
		<pose>Unspecified</pose>
		<truncated>0</truncated>
		<difficult>0</difficult>
		<bndbox>
			<xmin>3604</xmin>
			<ymin>2115</ymin>
			<xmax>3756</xmax>
			<ymax>2286</ymax>
		</bndbox>
	</object>
</annotation>
