<annotation>
	<folder>input</folder>
	<filename>232.jpg</filename>
	<path>C:\Users\Swetha\Desktop\annotation\input\232.jpg</path>
	<source>
		<database>Unknown</database>
	</source>
	<size>
		<width>4000</width>
		<height>3000</height>
		<depth>3</depth>
	</size>
	<segmented>0</segmented>
	<object>
		<name>bot</name>
		<pose>Unspecified</pose>
		<truncated>0</truncated>
		<difficult>0</difficult>
		<bndbox>
			<xmin>469</xmin>
			<ymin>2347</ymin>
			<xmax>607</xmax>
			<ymax>2502</ymax>
		</bndbox>
	</object>
	<object>
		<name>bot</name>
		<pose>Unspecified</pose>
		<truncated>0</truncated>
		<difficult>0</difficult>
		<bndbox>
			<xmin>1620</xmin>
			<ymin>1954</ymin>
			<xmax>1788</xmax>
			<ymax>2112</ymax>
		</bndbox>
	</object>
	<object>
		<name>bot</name>
		<pose>Unspecified</pose>
		<truncated>0</truncated>
		<difficult>0</difficult>
		<bndbox>
			<xmin>3185</xmin>
			<ymin>2418</ymin>
			<xmax>3340</xmax>
			<ymax>2560</ymax>
		</bndbox>
	</object>
	<object>
		<name>bot</name>
		<pose>Unspecified</pose>
		<truncated>0</truncated>
		<difficult>0</difficult>
		<bndbox>
			<xmin>3575</xmin>
			<ymin>2199</ymin>
			<xmax>3723</xmax>
			<ymax>2376</ymax>
		</bndbox>
	</object>
	<object>
		<name>arena</name>
		<pose>Unspecified</pose>
		<truncated>0</truncated>
		<difficult>0</difficult>
		<bndbox>
			<xmin>262</xmin>
			<ymin>560</ymin>
			<xmax>3807</xmax>
			<ymax>2535</ymax>
		</bndbox>
	</object>
</annotation>
