<annotation>
	<folder>input</folder>
	<filename>233.jpg</filename>
	<path>C:\Users\Swetha\Desktop\annotation\input\233.jpg</path>
	<source>
		<database>Unknown</database>
	</source>
	<size>
		<width>4000</width>
		<height>3000</height>
		<depth>3</depth>
	</size>
	<segmented>0</segmented>
	<object>
		<name>arena</name>
		<pose>Unspecified</pose>
		<truncated>0</truncated>
		<difficult>0</difficult>
		<bndbox>
			<xmin>343</xmin>
			<ymin>570</ymin>
			<xmax>3810</xmax>
			<ymax>2505</ymax>
		</bndbox>
	</object>
	<object>
		<name>bot</name>
		<pose>Unspecified</pose>
		<truncated>0</truncated>
		<difficult>0</difficult>
		<bndbox>
			<xmin>510</xmin>
			<ymin>2344</ymin>
			<xmax>662</xmax>
			<ymax>2483</ymax>
		</bndbox>
	</object>
	<object>
		<name>bot</name>
		<pose>Unspecified</pose>
		<truncated>0</truncated>
		<difficult>0</difficult>
		<bndbox>
			<xmin>1646</xmin>
			<ymin>2144</ymin>
			<xmax>1798</xmax>
			<ymax>2296</ymax>
		</bndbox>
	</object>
	<object>
		<name>bot</name>
		<pose>Unspecified</pose>
		<truncated>0</truncated>
		<difficult>0</difficult>
		<bndbox>
			<xmin>3227</xmin>
			<ymin>2409</ymin>
			<xmax>3391</xmax>
			<ymax>2554</ymax>
		</bndbox>
	</object>
	<object>
		<name>bot</name>
		<pose>Unspecified</pose>
		<truncated>0</truncated>
		<difficult>0</difficult>
		<bndbox>
			<xmin>3594</xmin>
			<ymin>2196</ymin>
			<xmax>3778</xmax>
			<ymax>2347</ymax>
		</bndbox>
	</object>
</annotation>
