<annotation>
	<folder>input</folder>
	<filename>234.jpg</filename>
	<path>C:\Users\Swetha\Desktop\annotation\input\234.jpg</path>
	<source>
		<database>Unknown</database>
	</source>
	<size>
		<width>4000</width>
		<height>3000</height>
		<depth>3</depth>
	</size>
	<segmented>0</segmented>
	<object>
		<name>bot</name>
		<pose>Unspecified</pose>
		<truncated>0</truncated>
		<difficult>0</difficult>
		<bndbox>
			<xmin>301</xmin>
			<ymin>2499</ymin>
			<xmax>446</xmax>
			<ymax>2647</ymax>
		</bndbox>
	</object>
	<object>
		<name>bot</name>
		<pose>Unspecified</pose>
		<truncated>0</truncated>
		<difficult>0</difficult>
		<bndbox>
			<xmin>1307</xmin>
			<ymin>2296</ymin>
			<xmax>1475</xmax>
			<ymax>2454</ymax>
		</bndbox>
	</object>
	<object>
		<name>bot</name>
		<pose>Unspecified</pose>
		<truncated>0</truncated>
		<difficult>0</difficult>
		<bndbox>
			<xmin>3146</xmin>
			<ymin>2554</ymin>
			<xmax>3301</xmax>
			<ymax>2709</ymax>
		</bndbox>
	</object>
	<object>
		<name>bot</name>
		<pose>Unspecified</pose>
		<truncated>0</truncated>
		<difficult>0</difficult>
		<bndbox>
			<xmin>3536</xmin>
			<ymin>2325</ymin>
			<xmax>3698</xmax>
			<ymax>2493</ymax>
		</bndbox>
	</object>
	<object>
		<name>arena</name>
		<pose>Unspecified</pose>
		<truncated>0</truncated>
		<difficult>0</difficult>
		<bndbox>
			<xmin>143</xmin>
			<ymin>644</ymin>
			<xmax>3746</xmax>
			<ymax>2644</ymax>
		</bndbox>
	</object>
</annotation>
