<annotation>
	<folder>input</folder>
	<filename>235.jpg</filename>
	<path>C:\Users\Swetha\Desktop\annotation\input\235.jpg</path>
	<source>
		<database>Unknown</database>
	</source>
	<size>
		<width>4000</width>
		<height>3000</height>
		<depth>3</depth>
	</size>
	<segmented>0</segmented>
	<object>
		<name>arena</name>
		<pose>Unspecified</pose>
		<truncated>0</truncated>
		<difficult>0</difficult>
		<bndbox>
			<xmin>136</xmin>
			<ymin>554</ymin>
			<xmax>3743</xmax>
			<ymax>2560</ymax>
		</bndbox>
	</object>
	<object>
		<name>bot</name>
		<pose>Unspecified</pose>
		<truncated>0</truncated>
		<difficult>0</difficult>
		<bndbox>
			<xmin>1091</xmin>
			<ymin>2202</ymin>
			<xmax>1265</xmax>
			<ymax>2360</ymax>
		</bndbox>
	</object>
	<object>
		<name>bot</name>
		<pose>Unspecified</pose>
		<truncated>0</truncated>
		<difficult>0</difficult>
		<bndbox>
			<xmin>307</xmin>
			<ymin>2399</ymin>
			<xmax>459</xmax>
			<ymax>2551</ymax>
		</bndbox>
	</object>
	<object>
		<name>bot</name>
		<pose>Unspecified</pose>
		<truncated>0</truncated>
		<difficult>0</difficult>
		<bndbox>
			<xmin>3136</xmin>
			<ymin>2441</ymin>
			<xmax>3294</xmax>
			<ymax>2589</ymax>
		</bndbox>
	</object>
	<object>
		<name>bot</name>
		<pose>Unspecified</pose>
		<truncated>0</truncated>
		<difficult>0</difficult>
		<bndbox>
			<xmin>3514</xmin>
			<ymin>2212</ymin>
			<xmax>3678</xmax>
			<ymax>2383</ymax>
		</bndbox>
	</object>
</annotation>
