<annotation>
	<folder>input</folder>
	<filename>236.jpg</filename>
	<path>C:\Users\Swetha\Desktop\annotation\input\236.jpg</path>
	<source>
		<database>Unknown</database>
	</source>
	<size>
		<width>4000</width>
		<height>3000</height>
		<depth>3</depth>
	</size>
	<segmented>0</segmented>
	<object>
		<name>arena</name>
		<pose>Unspecified</pose>
		<truncated>0</truncated>
		<difficult>0</difficult>
		<bndbox>
			<xmin>220</xmin>
			<ymin>847</ymin>
			<xmax>3452</xmax>
			<ymax>2599</ymax>
		</bndbox>
	</object>
	<object>
		<name>bot</name>
		<pose>Unspecified</pose>
		<truncated>0</truncated>
		<difficult>0</difficult>
		<bndbox>
			<xmin>1004</xmin>
			<ymin>2370</ymin>
			<xmax>1123</xmax>
			<ymax>2512</ymax>
		</bndbox>
	</object>
	<object>
		<name>bot</name>
		<pose>Unspecified</pose>
		<truncated>0</truncated>
		<difficult>0</difficult>
		<bndbox>
			<xmin>459</xmin>
			<ymin>2586</ymin>
			<xmax>604</xmax>
			<ymax>2722</ymax>
		</bndbox>
	</object>
	<object>
		<name>bot</name>
		<pose>Unspecified</pose>
		<truncated>0</truncated>
		<difficult>0</difficult>
		<bndbox>
			<xmin>2998</xmin>
			<ymin>2467</ymin>
			<xmax>3130</xmax>
			<ymax>2605</ymax>
		</bndbox>
	</object>
	<object>
		<name>bot</name>
		<pose>Unspecified</pose>
		<truncated>0</truncated>
		<difficult>0</difficult>
		<bndbox>
			<xmin>3298</xmin>
			<ymin>2264</ymin>
			<xmax>3433</xmax>
			<ymax>2409</ymax>
		</bndbox>
	</object>
</annotation>
