<annotation>
	<folder>input</folder>
	<filename>237.jpg</filename>
	<path>C:\Users\Swetha\Desktop\annotation\input\237.jpg</path>
	<source>
		<database>Unknown</database>
	</source>
	<size>
		<width>4000</width>
		<height>3000</height>
		<depth>3</depth>
	</size>
	<segmented>0</segmented>
	<object>
		<name>arena</name>
		<pose>Unspecified</pose>
		<truncated>0</truncated>
		<difficult>0</difficult>
		<bndbox>
			<xmin>217</xmin>
			<ymin>680</ymin>
			<xmax>3740</xmax>
			<ymax>2576</ymax>
		</bndbox>
	</object>
	<object>
		<name>bot</name>
		<pose>Unspecified</pose>
		<truncated>0</truncated>
		<difficult>0</difficult>
		<bndbox>
			<xmin>449</xmin>
			<ymin>2522</ymin>
			<xmax>607</xmax>
			<ymax>2673</ymax>
		</bndbox>
	</object>
	<object>
		<name>bot</name>
		<pose>Unspecified</pose>
		<truncated>0</truncated>
		<difficult>0</difficult>
		<bndbox>
			<xmin>3217</xmin>
			<ymin>2457</ymin>
			<xmax>3365</xmax>
			<ymax>2609</ymax>
		</bndbox>
	</object>
	<object>
		<name>bot</name>
		<pose>Unspecified</pose>
		<truncated>0</truncated>
		<difficult>0</difficult>
		<bndbox>
			<xmin>3552</xmin>
			<ymin>2235</ymin>
			<xmax>3730</xmax>
			<ymax>2399</ymax>
		</bndbox>
	</object>
</annotation>
