<annotation>
	<folder>input</folder>
	<filename>238.jpg</filename>
	<path>C:\Users\Swetha\Desktop\annotation\input\238.jpg</path>
	<source>
		<database>Unknown</database>
	</source>
	<size>
		<width>4000</width>
		<height>3000</height>
		<depth>3</depth>
	</size>
	<segmented>0</segmented>
	<object>
		<name>arena</name>
		<pose>Unspecified</pose>
		<truncated>0</truncated>
		<difficult>0</difficult>
		<bndbox>
			<xmin>172</xmin>
			<ymin>570</ymin>
			<xmax>3804</xmax>
			<ymax>2573</ymax>
		</bndbox>
	</object>
	<object>
		<name>bot</name>
		<pose>Unspecified</pose>
		<truncated>0</truncated>
		<difficult>0</difficult>
		<bndbox>
			<xmin>417</xmin>
			<ymin>2457</ymin>
			<xmax>569</xmax>
			<ymax>2596</ymax>
		</bndbox>
	</object>
	<object>
		<name>bot</name>
		<pose>Unspecified</pose>
		<truncated>0</truncated>
		<difficult>0</difficult>
		<bndbox>
			<xmin>604</xmin>
			<ymin>2254</ymin>
			<xmax>752</xmax>
			<ymax>2405</ymax>
		</bndbox>
	</object>
	<object>
		<name>bot</name>
		<pose>Unspecified</pose>
		<truncated>0</truncated>
		<difficult>0</difficult>
		<bndbox>
			<xmin>3230</xmin>
			<ymin>2451</ymin>
			<xmax>3394</xmax>
			<ymax>2593</ymax>
		</bndbox>
	</object>
	<object>
		<name>bot</name>
		<pose>Unspecified</pose>
		<truncated>0</truncated>
		<difficult>0</difficult>
		<bndbox>
			<xmin>3610</xmin>
			<ymin>2218</ymin>
			<xmax>3759</xmax>
			<ymax>2373</ymax>
		</bndbox>
	</object>
</annotation>
