<annotation>
	<folder>input</folder>
	<filename>24.jpg</filename>
	<path>C:\Users\Swetha\Desktop\annotation\input\24.jpg</path>
	<source>
		<database>Unknown</database>
	</source>
	<size>
		<width>2296</width>
		<height>1900</height>
		<depth>3</depth>
	</size>
	<segmented>0</segmented>
	<object>
		<name>arena</name>
		<pose>Unspecified</pose>
		<truncated>0</truncated>
		<difficult>0</difficult>
		<bndbox>
			<xmin>57</xmin>
			<ymin>349</ymin>
			<xmax>2098</xmax>
			<ymax>1480</ymax>
		</bndbox>
	</object>
	<object>
		<name>bot</name>
		<pose>Unspecified</pose>
		<truncated>0</truncated>
		<difficult>0</difficult>
		<bndbox>
			<xmin>871</xmin>
			<ymin>341</ymin>
			<xmax>957</xmax>
			<ymax>439</ymax>
		</bndbox>
	</object>
	<object>
		<name>bot</name>
		<pose>Unspecified</pose>
		<truncated>0</truncated>
		<difficult>0</difficult>
		<bndbox>
			<xmin>1102</xmin>
			<ymin>343</ymin>
			<xmax>1198</xmax>
			<ymax>433</ymax>
		</bndbox>
	</object>
	<object>
		<name>bot</name>
		<pose>Unspecified</pose>
		<truncated>0</truncated>
		<difficult>0</difficult>
		<bndbox>
			<xmin>1214</xmin>
			<ymin>353</ymin>
			<xmax>1306</xmax>
			<ymax>433</ymax>
		</bndbox>
	</object>
	<object>
		<name>bot</name>
		<pose>Unspecified</pose>
		<truncated>0</truncated>
		<difficult>0</difficult>
		<bndbox>
			<xmin>967</xmin>
			<ymin>1284</ymin>
			<xmax>1061</xmax>
			<ymax>1370</ymax>
		</bndbox>
	</object>
</annotation>
