<annotation>
	<folder>input</folder>
	<filename>241.jpg</filename>
	<path>C:\Users\Swetha\Desktop\annotation\input\241.jpg</path>
	<source>
		<database>Unknown</database>
	</source>
	<size>
		<width>4000</width>
		<height>3000</height>
		<depth>3</depth>
	</size>
	<segmented>0</segmented>
	<object>
		<name>arena</name>
		<pose>Unspecified</pose>
		<truncated>0</truncated>
		<difficult>0</difficult>
		<bndbox>
			<xmin>62</xmin>
			<ymin>264</ymin>
			<xmax>3901</xmax>
			<ymax>2312</ymax>
		</bndbox>
	</object>
	<object>
		<name>bot</name>
		<pose>Unspecified</pose>
		<truncated>0</truncated>
		<difficult>0</difficult>
		<bndbox>
			<xmin>220</xmin>
			<ymin>2035</ymin>
			<xmax>394</xmax>
			<ymax>2209</ymax>
		</bndbox>
	</object>
	<object>
		<name>bot</name>
		<pose>Unspecified</pose>
		<truncated>0</truncated>
		<difficult>0</difficult>
		<bndbox>
			<xmin>465</xmin>
			<ymin>2264</ymin>
			<xmax>630</xmax>
			<ymax>2422</ymax>
		</bndbox>
	</object>
	<object>
		<name>bot</name>
		<pose>Unspecified</pose>
		<truncated>0</truncated>
		<difficult>0</difficult>
		<bndbox>
			<xmin>3069</xmin>
			<ymin>2167</ymin>
			<xmax>3220</xmax>
			<ymax>2331</ymax>
		</bndbox>
	</object>
	<object>
		<name>bot</name>
		<pose>Unspecified</pose>
		<truncated>0</truncated>
		<difficult>0</difficult>
		<bndbox>
			<xmin>3672</xmin>
			<ymin>1931</ymin>
			<xmax>3849</xmax>
			<ymax>2105</ymax>
		</bndbox>
	</object>
</annotation>
