<annotation>
	<folder>input</folder>
	<filename>242.jpg</filename>
	<path>C:\Users\Swetha\Desktop\annotation\input\242.jpg</path>
	<source>
		<database>Unknown</database>
	</source>
	<size>
		<width>4000</width>
		<height>3000</height>
		<depth>3</depth>
	</size>
	<segmented>0</segmented>
	<object>
		<name>arena</name>
		<pose>Unspecified</pose>
		<truncated>0</truncated>
		<difficult>0</difficult>
		<bndbox>
			<xmin>194</xmin>
			<ymin>435</ymin>
			<xmax>3914</xmax>
			<ymax>2489</ymax>
		</bndbox>
	</object>
	<object>
		<name>bot</name>
		<pose>Unspecified</pose>
		<truncated>0</truncated>
		<difficult>0</difficult>
		<bndbox>
			<xmin>349</xmin>
			<ymin>2138</ymin>
			<xmax>530</xmax>
			<ymax>2299</ymax>
		</bndbox>
	</object>
	<object>
		<name>bot</name>
		<pose>Unspecified</pose>
		<truncated>0</truncated>
		<difficult>0</difficult>
		<bndbox>
			<xmin>769</xmin>
			<ymin>2367</ymin>
			<xmax>923</xmax>
			<ymax>2518</ymax>
		</bndbox>
	</object>
	<object>
		<name>bot</name>
		<pose>Unspecified</pose>
		<truncated>0</truncated>
		<difficult>0</difficult>
		<bndbox>
			<xmin>3117</xmin>
			<ymin>2309</ymin>
			<xmax>3285</xmax>
			<ymax>2496</ymax>
		</bndbox>
	</object>
	<object>
		<name>bot</name>
		<pose>Unspecified</pose>
		<truncated>0</truncated>
		<difficult>0</difficult>
		<bndbox>
			<xmin>3714</xmin>
			<ymin>2099</ymin>
			<xmax>3898</xmax>
			<ymax>2267</ymax>
		</bndbox>
	</object>
</annotation>
