<annotation>
	<folder>input</folder>
	<filename>243.jpg</filename>
	<path>C:\Users\Swetha\Desktop\annotation\input\243.jpg</path>
	<source>
		<database>Unknown</database>
	</source>
	<size>
		<width>4000</width>
		<height>3000</height>
		<depth>3</depth>
	</size>
	<segmented>0</segmented>
	<object>
		<name>arena</name>
		<pose>Unspecified</pose>
		<truncated>0</truncated>
		<difficult>0</difficult>
		<bndbox>
			<xmin>301</xmin>
			<ymin>602</ymin>
			<xmax>3807</xmax>
			<ymax>2396</ymax>
		</bndbox>
	</object>
	<object>
		<name>bot</name>
		<pose>Unspecified</pose>
		<truncated>0</truncated>
		<difficult>0</difficult>
		<bndbox>
			<xmin>491</xmin>
			<ymin>2170</ymin>
			<xmax>640</xmax>
			<ymax>2318</ymax>
		</bndbox>
	</object>
	<object>
		<name>bot</name>
		<pose>Unspecified</pose>
		<truncated>0</truncated>
		<difficult>0</difficult>
		<bndbox>
			<xmin>878</xmin>
			<ymin>2370</ymin>
			<xmax>1027</xmax>
			<ymax>2518</ymax>
		</bndbox>
	</object>
	<object>
		<name>bot</name>
		<pose>Unspecified</pose>
		<truncated>0</truncated>
		<difficult>0</difficult>
		<bndbox>
			<xmin>2881</xmin>
			<ymin>2280</ymin>
			<xmax>3020</xmax>
			<ymax>2441</ymax>
		</bndbox>
	</object>
	<object>
		<name>bot</name>
		<pose>Unspecified</pose>
		<truncated>0</truncated>
		<difficult>0</difficult>
		<bndbox>
			<xmin>3607</xmin>
			<ymin>2047</ymin>
			<xmax>3765</xmax>
			<ymax>2202</ymax>
		</bndbox>
	</object>
</annotation>
