<annotation>
	<folder>input</folder>
	<filename>244.jpg</filename>
	<path>C:\Users\Swetha\Desktop\annotation\input\244.jpg</path>
	<source>
		<database>Unknown</database>
	</source>
	<size>
		<width>4000</width>
		<height>3000</height>
		<depth>3</depth>
	</size>
	<segmented>0</segmented>
	<object>
		<name>arena</name>
		<pose>Unspecified</pose>
		<truncated>0</truncated>
		<difficult>0</difficult>
		<bndbox>
			<xmin>462</xmin>
			<ymin>615</ymin>
			<xmax>3978</xmax>
			<ymax>2502</ymax>
		</bndbox>
	</object>
	<object>
		<name>bot</name>
		<pose>Unspecified</pose>
		<truncated>0</truncated>
		<difficult>0</difficult>
		<bndbox>
			<xmin>594</xmin>
			<ymin>2189</ymin>
			<xmax>743</xmax>
			<ymax>2341</ymax>
		</bndbox>
	</object>
	<object>
		<name>bot</name>
		<pose>Unspecified</pose>
		<truncated>0</truncated>
		<difficult>0</difficult>
		<bndbox>
			<xmin>2998</xmin>
			<ymin>2367</ymin>
			<xmax>3152</xmax>
			<ymax>2535</ymax>
		</bndbox>
	</object>
	<object>
		<name>bot</name>
		<pose>Unspecified</pose>
		<truncated>0</truncated>
		<difficult>0</difficult>
		<bndbox>
			<xmin>1175</xmin>
			<ymin>2357</ymin>
			<xmax>1294</xmax>
			<ymax>2525</ymax>
		</bndbox>
	</object>
	<object>
		<name>bot</name>
		<pose>Unspecified</pose>
		<truncated>0</truncated>
		<difficult>0</difficult>
		<bndbox>
			<xmin>3769</xmin>
			<ymin>2141</ymin>
			<xmax>3943</xmax>
			<ymax>2325</ymax>
		</bndbox>
	</object>
</annotation>
