<annotation>
	<folder>input</folder>
	<filename>247.jpg</filename>
	<path>C:\Users\Swetha\Desktop\annotation\input\247.jpg</path>
	<source>
		<database>Unknown</database>
	</source>
	<size>
		<width>4000</width>
		<height>3000</height>
		<depth>3</depth>
	</size>
	<segmented>0</segmented>
	<object>
		<name>arena</name>
		<pose>Unspecified</pose>
		<truncated>0</truncated>
		<difficult>0</difficult>
		<bndbox>
			<xmin>223</xmin>
			<ymin>551</ymin>
			<xmax>3704</xmax>
			<ymax>2415</ymax>
		</bndbox>
	</object>
	<object>
		<name>bot</name>
		<pose>Unspecified</pose>
		<truncated>0</truncated>
		<difficult>0</difficult>
		<bndbox>
			<xmin>388</xmin>
			<ymin>2128</ymin>
			<xmax>536</xmax>
			<ymax>2280</ymax>
		</bndbox>
	</object>
	<object>
		<name>bot</name>
		<pose>Unspecified</pose>
		<truncated>0</truncated>
		<difficult>0</difficult>
		<bndbox>
			<xmin>1165</xmin>
			<ymin>2318</ymin>
			<xmax>1314</xmax>
			<ymax>2496</ymax>
		</bndbox>
	</object>
	<object>
		<name>bot</name>
		<pose>Unspecified</pose>
		<truncated>0</truncated>
		<difficult>0</difficult>
		<bndbox>
			<xmin>2381</xmin>
			<ymin>2283</ymin>
			<xmax>2527</xmax>
			<ymax>2444</ymax>
		</bndbox>
	</object>
	<object>
		<name>bot</name>
		<pose>Unspecified</pose>
		<truncated>0</truncated>
		<difficult>0</difficult>
		<bndbox>
			<xmin>3494</xmin>
			<ymin>2080</ymin>
			<xmax>3669</xmax>
			<ymax>2228</ymax>
		</bndbox>
	</object>
</annotation>
