<annotation>
	<folder>input</folder>
	<filename>25.jpg</filename>
	<path>C:\Users\Swetha\Desktop\annotation\input\25.jpg</path>
	<source>
		<database>Unknown</database>
	</source>
	<size>
		<width>2428</width>
		<height>1984</height>
		<depth>3</depth>
	</size>
	<segmented>0</segmented>
	<object>
		<name>arena</name>
		<pose>Unspecified</pose>
		<truncated>0</truncated>
		<difficult>0</difficult>
		<bndbox>
			<xmin>76</xmin>
			<ymin>370</ymin>
			<xmax>2225</xmax>
			<ymax>1579</ymax>
		</bndbox>
	</object>
	<object>
		<name>bot</name>
		<pose>Unspecified</pose>
		<truncated>0</truncated>
		<difficult>0</difficult>
		<bndbox>
			<xmin>1038</xmin>
			<ymin>1462</ymin>
			<xmax>1125</xmax>
			<ymax>1549</ymax>
		</bndbox>
	</object>
	<object>
		<name>bot</name>
		<pose>Unspecified</pose>
		<truncated>0</truncated>
		<difficult>0</difficult>
		<bndbox>
			<xmin>921</xmin>
			<ymin>355</ymin>
			<xmax>1002</xmax>
			<ymax>453</ymax>
		</bndbox>
	</object>
	<object>
		<name>bot</name>
		<pose>Unspecified</pose>
		<truncated>0</truncated>
		<difficult>0</difficult>
		<bndbox>
			<xmin>1157</xmin>
			<ymin>357</ymin>
			<xmax>1251</xmax>
			<ymax>447</ymax>
		</bndbox>
	</object>
	<object>
		<name>bot</name>
		<pose>Unspecified</pose>
		<truncated>0</truncated>
		<difficult>0</difficult>
		<bndbox>
			<xmin>1272</xmin>
			<ymin>366</ymin>
			<xmax>1372</xmax>
			<ymax>453</ymax>
		</bndbox>
	</object>
</annotation>
