<annotation>
	<folder>input</folder>
	<filename>250.jpg</filename>
	<path>C:\Users\Swetha\Desktop\annotation\input\250.jpg</path>
	<source>
		<database>Unknown</database>
	</source>
	<size>
		<width>4000</width>
		<height>3000</height>
		<depth>3</depth>
	</size>
	<segmented>0</segmented>
	<object>
		<name>arena</name>
		<pose>Unspecified</pose>
		<truncated>0</truncated>
		<difficult>0</difficult>
		<bndbox>
			<xmin>143</xmin>
			<ymin>696</ymin>
			<xmax>3714</xmax>
			<ymax>2676</ymax>
		</bndbox>
	</object>
	<object>
		<name>bot</name>
		<pose>Unspecified</pose>
		<truncated>0</truncated>
		<difficult>0</difficult>
		<bndbox>
			<xmin>288</xmin>
			<ymin>2318</ymin>
			<xmax>430</xmax>
			<ymax>2473</ymax>
		</bndbox>
	</object>
	<object>
		<name>bot</name>
		<pose>Unspecified</pose>
		<truncated>0</truncated>
		<difficult>0</difficult>
		<bndbox>
			<xmin>1481</xmin>
			<ymin>2512</ymin>
			<xmax>1630</xmax>
			<ymax>2680</ymax>
		</bndbox>
	</object>
	<object>
		<name>bot</name>
		<pose>Unspecified</pose>
		<truncated>0</truncated>
		<difficult>0</difficult>
		<bndbox>
			<xmin>1927</xmin>
			<ymin>2525</ymin>
			<xmax>2062</xmax>
			<ymax>2683</ymax>
		</bndbox>
	</object>
	<object>
		<name>bot</name>
		<pose>Unspecified</pose>
		<truncated>0</truncated>
		<difficult>0</difficult>
		<bndbox>
			<xmin>3481</xmin>
			<ymin>2315</ymin>
			<xmax>3659</xmax>
			<ymax>2480</ymax>
		</bndbox>
	</object>
</annotation>
