<annotation>
	<folder>input</folder>
	<filename>251.jpg</filename>
	<path>C:\Users\Swetha\Desktop\annotation\input\251.jpg</path>
	<source>
		<database>Unknown</database>
	</source>
	<size>
		<width>4000</width>
		<height>3000</height>
		<depth>3</depth>
	</size>
	<segmented>0</segmented>
	<object>
		<name>arena</name>
		<pose>Unspecified</pose>
		<truncated>0</truncated>
		<difficult>0</difficult>
		<bndbox>
			<xmin>233</xmin>
			<ymin>686</ymin>
			<xmax>3791</xmax>
			<ymax>2628</ymax>
		</bndbox>
	</object>
	<object>
		<name>bot</name>
		<pose>Unspecified</pose>
		<truncated>0</truncated>
		<difficult>0</difficult>
		<bndbox>
			<xmin>381</xmin>
			<ymin>2289</ymin>
			<xmax>523</xmax>
			<ymax>2454</ymax>
		</bndbox>
	</object>
	<object>
		<name>bot</name>
		<pose>Unspecified</pose>
		<truncated>0</truncated>
		<difficult>0</difficult>
		<bndbox>
			<xmin>1765</xmin>
			<ymin>2464</ymin>
			<xmax>1920</xmax>
			<ymax>2651</ymax>
		</bndbox>
	</object>
	<object>
		<name>bot</name>
		<pose>Unspecified</pose>
		<truncated>0</truncated>
		<difficult>0</difficult>
		<bndbox>
			<xmin>2004</xmin>
			<ymin>2483</ymin>
			<xmax>2152</xmax>
			<ymax>2654</ymax>
		</bndbox>
	</object>
	<object>
		<name>bot</name>
		<pose>Unspecified</pose>
		<truncated>0</truncated>
		<difficult>0</difficult>
		<bndbox>
			<xmin>3569</xmin>
			<ymin>2270</ymin>
			<xmax>3733</xmax>
			<ymax>2441</ymax>
		</bndbox>
	</object>
</annotation>
