<annotation>
	<folder>input</folder>
	<filename>252.jpg</filename>
	<path>C:\Users\Swetha\Desktop\annotation\input\252.jpg</path>
	<source>
		<database>Unknown</database>
	</source>
	<size>
		<width>4000</width>
		<height>3000</height>
		<depth>3</depth>
	</size>
	<segmented>0</segmented>
	<object>
		<name>arena</name>
		<pose>Unspecified</pose>
		<truncated>0</truncated>
		<difficult>0</difficult>
		<bndbox>
			<xmin>214</xmin>
			<ymin>705</ymin>
			<xmax>3743</xmax>
			<ymax>2509</ymax>
		</bndbox>
	</object>
	<object>
		<name>bot</name>
		<pose>Unspecified</pose>
		<truncated>0</truncated>
		<difficult>0</difficult>
		<bndbox>
			<xmin>388</xmin>
			<ymin>2286</ymin>
			<xmax>546</xmax>
			<ymax>2444</ymax>
		</bndbox>
	</object>
	<object>
		<name>bot</name>
		<pose>Unspecified</pose>
		<truncated>0</truncated>
		<difficult>0</difficult>
		<bndbox>
			<xmin>1791</xmin>
			<ymin>2244</ymin>
			<xmax>1936</xmax>
			<ymax>2409</ymax>
		</bndbox>
	</object>
	<object>
		<name>bot</name>
		<pose>Unspecified</pose>
		<truncated>0</truncated>
		<difficult>0</difficult>
		<bndbox>
			<xmin>1998</xmin>
			<ymin>2444</ymin>
			<xmax>2149</xmax>
			<ymax>2586</ymax>
		</bndbox>
	</object>
	<object>
		<name>bot</name>
		<pose>Unspecified</pose>
		<truncated>0</truncated>
		<difficult>0</difficult>
		<bndbox>
			<xmin>3546</xmin>
			<ymin>2176</ymin>
			<xmax>3691</xmax>
			<ymax>2341</ymax>
		</bndbox>
	</object>
</annotation>
