<annotation>
	<folder>input</folder>
	<filename>255.jpg</filename>
	<path>C:\Users\Swetha\Desktop\annotation\input\255.jpg</path>
	<source>
		<database>Unknown</database>
	</source>
	<size>
		<width>4000</width>
		<height>3000</height>
		<depth>3</depth>
	</size>
	<segmented>0</segmented>
	<object>
		<name>arena</name>
		<pose>Unspecified</pose>
		<truncated>0</truncated>
		<difficult>0</difficult>
		<bndbox>
			<xmin>336</xmin>
			<ymin>702</ymin>
			<xmax>3791</xmax>
			<ymax>2544</ymax>
		</bndbox>
	</object>
	<object>
		<name>bot</name>
		<pose>Unspecified</pose>
		<truncated>0</truncated>
		<difficult>0</difficult>
		<bndbox>
			<xmin>488</xmin>
			<ymin>2276</ymin>
			<xmax>640</xmax>
			<ymax>2418</ymax>
		</bndbox>
	</object>
	<object>
		<name>bot</name>
		<pose>Unspecified</pose>
		<truncated>0</truncated>
		<difficult>0</difficult>
		<bndbox>
			<xmin>1856</xmin>
			<ymin>2051</ymin>
			<xmax>2017</xmax>
			<ymax>2202</ymax>
		</bndbox>
	</object>
	<object>
		<name>bot</name>
		<pose>Unspecified</pose>
		<truncated>0</truncated>
		<difficult>0</difficult>
		<bndbox>
			<xmin>2049</xmin>
			<ymin>1812</ymin>
			<xmax>2201</xmax>
			<ymax>1983</ymax>
		</bndbox>
	</object>
	<object>
		<name>bot</name>
		<pose>Unspecified</pose>
		<truncated>0</truncated>
		<difficult>0</difficult>
		<bndbox>
			<xmin>3565</xmin>
			<ymin>2189</ymin>
			<xmax>3743</xmax>
			<ymax>2357</ymax>
		</bndbox>
	</object>
</annotation>
