<annotation>
	<folder>input</folder>
	<filename>256.jpg</filename>
	<path>C:\Users\Swetha\Desktop\annotation\input\256.jpg</path>
	<source>
		<database>Unknown</database>
	</source>
	<size>
		<width>4000</width>
		<height>3000</height>
		<depth>3</depth>
	</size>
	<segmented>0</segmented>
	<object>
		<name>arena</name>
		<pose>Unspecified</pose>
		<truncated>0</truncated>
		<difficult>0</difficult>
		<bndbox>
			<xmin>198</xmin>
			<ymin>780</ymin>
			<xmax>3678</xmax>
			<ymax>2657</ymax>
		</bndbox>
	</object>
	<object>
		<name>bot</name>
		<pose>Unspecified</pose>
		<truncated>0</truncated>
		<difficult>0</difficult>
		<bndbox>
			<xmin>369</xmin>
			<ymin>2373</ymin>
			<xmax>517</xmax>
			<ymax>2518</ymax>
		</bndbox>
	</object>
	<object>
		<name>bot</name>
		<pose>Unspecified</pose>
		<truncated>0</truncated>
		<difficult>0</difficult>
		<bndbox>
			<xmin>1743</xmin>
			<ymin>1731</ymin>
			<xmax>1894</xmax>
			<ymax>1893</ymax>
		</bndbox>
	</object>
	<object>
		<name>bot</name>
		<pose>Unspecified</pose>
		<truncated>0</truncated>
		<difficult>0</difficult>
		<bndbox>
			<xmin>1959</xmin>
			<ymin>1722</ymin>
			<xmax>2104</xmax>
			<ymax>1886</ymax>
		</bndbox>
	</object>
	<object>
		<name>bot</name>
		<pose>Unspecified</pose>
		<truncated>0</truncated>
		<difficult>0</difficult>
		<bndbox>
			<xmin>3459</xmin>
			<ymin>2293</ymin>
			<xmax>3623</xmax>
			<ymax>2464</ymax>
		</bndbox>
	</object>
</annotation>
