<annotation>
	<folder>input</folder>
	<filename>257.jpg</filename>
	<path>C:\Users\Swetha\Desktop\annotation\input\257.jpg</path>
	<source>
		<database>Unknown</database>
	</source>
	<size>
		<width>4000</width>
		<height>3000</height>
		<depth>3</depth>
	</size>
	<segmented>0</segmented>
	<object>
		<name>arena</name>
		<pose>Unspecified</pose>
		<truncated>0</truncated>
		<difficult>0</difficult>
		<bndbox>
			<xmin>210</xmin>
			<ymin>770</ymin>
			<xmax>3707</xmax>
			<ymax>2722</ymax>
		</bndbox>
	</object>
	<object>
		<name>bot</name>
		<pose>Unspecified</pose>
		<truncated>0</truncated>
		<difficult>0</difficult>
		<bndbox>
			<xmin>359</xmin>
			<ymin>2376</ymin>
			<xmax>510</xmax>
			<ymax>2544</ymax>
		</bndbox>
	</object>
	<object>
		<name>bot</name>
		<pose>Unspecified</pose>
		<truncated>0</truncated>
		<difficult>0</difficult>
		<bndbox>
			<xmin>1775</xmin>
			<ymin>1573</ymin>
			<xmax>1920</xmax>
			<ymax>1718</ymax>
		</bndbox>
	</object>
	<object>
		<name>bot</name>
		<pose>Unspecified</pose>
		<truncated>0</truncated>
		<difficult>0</difficult>
		<bndbox>
			<xmin>2004</xmin>
			<ymin>1589</ymin>
			<xmax>2133</xmax>
			<ymax>1751</ymax>
		</bndbox>
	</object>
	<object>
		<name>bot</name>
		<pose>Unspecified</pose>
		<truncated>0</truncated>
		<difficult>0</difficult>
		<bndbox>
			<xmin>3504</xmin>
			<ymin>2380</ymin>
			<xmax>3665</xmax>
			<ymax>2551</ymax>
		</bndbox>
	</object>
</annotation>
