<annotation>
	<folder>input</folder>
	<filename>260.jpg</filename>
	<path>C:\Users\Swetha\Desktop\annotation\input\260.jpg</path>
	<source>
		<database>Unknown</database>
	</source>
	<size>
		<width>4000</width>
		<height>3000</height>
		<depth>3</depth>
	</size>
	<segmented>0</segmented>
	<object>
		<name>arena</name>
		<pose>Unspecified</pose>
		<truncated>0</truncated>
		<difficult>0</difficult>
		<bndbox>
			<xmin>198</xmin>
			<ymin>618</ymin>
			<xmax>3710</xmax>
			<ymax>2518</ymax>
		</bndbox>
	</object>
	<object>
		<name>bot</name>
		<pose>Unspecified</pose>
		<truncated>0</truncated>
		<difficult>0</difficult>
		<bndbox>
			<xmin>369</xmin>
			<ymin>2241</ymin>
			<xmax>520</xmax>
			<ymax>2399</ymax>
		</bndbox>
	</object>
	<object>
		<name>bot</name>
		<pose>Unspecified</pose>
		<truncated>0</truncated>
		<difficult>0</difficult>
		<bndbox>
			<xmin>1765</xmin>
			<ymin>999</ymin>
			<xmax>1927</xmax>
			<ymax>1164</ymax>
		</bndbox>
	</object>
	<object>
		<name>bot</name>
		<pose>Unspecified</pose>
		<truncated>0</truncated>
		<difficult>0</difficult>
		<bndbox>
			<xmin>1978</xmin>
			<ymin>993</ymin>
			<xmax>2120</xmax>
			<ymax>1160</ymax>
		</bndbox>
	</object>
	<object>
		<name>bot</name>
		<pose>Unspecified</pose>
		<truncated>0</truncated>
		<difficult>0</difficult>
		<bndbox>
			<xmin>3481</xmin>
			<ymin>2160</ymin>
			<xmax>3656</xmax>
			<ymax>2318</ymax>
		</bndbox>
	</object>
</annotation>
