<annotation>
	<folder>input</folder>
	<filename>265.jpg</filename>
	<path>C:\Users\Swetha\Desktop\annotation\input\265.jpg</path>
	<source>
		<database>Unknown</database>
	</source>
	<size>
		<width>4000</width>
		<height>3000</height>
		<depth>3</depth>
	</size>
	<segmented>0</segmented>
	<object>
		<name>arena</name>
		<pose>Unspecified</pose>
		<truncated>0</truncated>
		<difficult>0</difficult>
		<bndbox>
			<xmin>317</xmin>
			<ymin>644</ymin>
			<xmax>3769</xmax>
			<ymax>2518</ymax>
		</bndbox>
	</object>
	<object>
		<name>bot</name>
		<pose>Unspecified</pose>
		<truncated>0</truncated>
		<difficult>0</difficult>
		<bndbox>
			<xmin>875</xmin>
			<ymin>2212</ymin>
			<xmax>1023</xmax>
			<ymax>2360</ymax>
		</bndbox>
	</object>
	<object>
		<name>bot</name>
		<pose>Unspecified</pose>
		<truncated>0</truncated>
		<difficult>0</difficult>
		<bndbox>
			<xmin>1827</xmin>
			<ymin>1202</ymin>
			<xmax>1985</xmax>
			<ymax>1357</ymax>
		</bndbox>
	</object>
	<object>
		<name>bot</name>
		<pose>Unspecified</pose>
		<truncated>0</truncated>
		<difficult>0</difficult>
		<bndbox>
			<xmin>2049</xmin>
			<ymin>838</ymin>
			<xmax>2207</xmax>
			<ymax>993</ymax>
		</bndbox>
	</object>
	<object>
		<name>bot</name>
		<pose>Unspecified</pose>
		<truncated>0</truncated>
		<difficult>0</difficult>
		<bndbox>
			<xmin>3459</xmin>
			<ymin>2180</ymin>
			<xmax>3594</xmax>
			<ymax>2331</ymax>
		</bndbox>
	</object>
</annotation>
