<annotation>
	<folder>input</folder>
	<filename>266.jpg</filename>
	<path>C:\Users\Swetha\Desktop\annotation\input\266.jpg</path>
	<source>
		<database>Unknown</database>
	</source>
	<size>
		<width>4000</width>
		<height>3000</height>
		<depth>3</depth>
	</size>
	<segmented>0</segmented>
	<object>
		<name>arena</name>
		<pose>Unspecified</pose>
		<truncated>0</truncated>
		<difficult>0</difficult>
		<bndbox>
			<xmin>310</xmin>
			<ymin>735</ymin>
			<xmax>3759</xmax>
			<ymax>2605</ymax>
		</bndbox>
	</object>
	<object>
		<name>bot</name>
		<pose>Unspecified</pose>
		<truncated>0</truncated>
		<difficult>0</difficult>
		<bndbox>
			<xmin>833</xmin>
			<ymin>2299</ymin>
			<xmax>981</xmax>
			<ymax>2447</ymax>
		</bndbox>
	</object>
	<object>
		<name>bot</name>
		<pose>Unspecified</pose>
		<truncated>0</truncated>
		<difficult>0</difficult>
		<bndbox>
			<xmin>1798</xmin>
			<ymin>1283</ymin>
			<xmax>1946</xmax>
			<ymax>1444</ymax>
		</bndbox>
	</object>
	<object>
		<name>bot</name>
		<pose>Unspecified</pose>
		<truncated>0</truncated>
		<difficult>0</difficult>
		<bndbox>
			<xmin>2017</xmin>
			<ymin>909</ymin>
			<xmax>2169</xmax>
			<ymax>1073</ymax>
		</bndbox>
	</object>
	<object>
		<name>bot</name>
		<pose>Unspecified</pose>
		<truncated>0</truncated>
		<difficult>0</difficult>
		<bndbox>
			<xmin>3227</xmin>
			<ymin>2286</ymin>
			<xmax>3385</xmax>
			<ymax>2444</ymax>
		</bndbox>
	</object>
</annotation>
