<annotation>
	<folder>input</folder>
	<filename>269.jpg</filename>
	<path>C:\Users\Swetha\Desktop\annotation\input\269.jpg</path>
	<source>
		<database>Unknown</database>
	</source>
	<size>
		<width>4000</width>
		<height>3000</height>
		<depth>3</depth>
	</size>
	<segmented>0</segmented>
	<object>
		<name>arena</name>
		<pose>Unspecified</pose>
		<truncated>0</truncated>
		<difficult>0</difficult>
		<bndbox>
			<xmin>181</xmin>
			<ymin>618</ymin>
			<xmax>3894</xmax>
			<ymax>2541</ymax>
		</bndbox>
	</object>
	<object>
		<name>bot</name>
		<pose>Unspecified</pose>
		<truncated>0</truncated>
		<difficult>0</difficult>
		<bndbox>
			<xmin>991</xmin>
			<ymin>2289</ymin>
			<xmax>1136</xmax>
			<ymax>2451</ymax>
		</bndbox>
	</object>
	<object>
		<name>bot</name>
		<pose>Unspecified</pose>
		<truncated>0</truncated>
		<difficult>0</difficult>
		<bndbox>
			<xmin>1804</xmin>
			<ymin>1176</ymin>
			<xmax>1936</xmax>
			<ymax>1354</ymax>
		</bndbox>
	</object>
	<object>
		<name>bot</name>
		<pose>Unspecified</pose>
		<truncated>0</truncated>
		<difficult>0</difficult>
		<bndbox>
			<xmin>2007</xmin>
			<ymin>783</ymin>
			<xmax>2178</xmax>
			<ymax>938</ymax>
		</bndbox>
	</object>
	<object>
		<name>bot</name>
		<pose>Unspecified</pose>
		<truncated>0</truncated>
		<difficult>0</difficult>
		<bndbox>
			<xmin>2907</xmin>
			<ymin>2225</ymin>
			<xmax>3072</xmax>
			<ymax>2383</ymax>
		</bndbox>
	</object>
</annotation>
