<annotation>
	<folder>input</folder>
	<filename>27.jpg</filename>
	<path>C:\Users\Swetha\Desktop\annotation\input\27.jpg</path>
	<source>
		<database>Unknown</database>
	</source>
	<size>
		<width>2276</width>
		<height>1904</height>
		<depth>3</depth>
	</size>
	<segmented>0</segmented>
	<object>
		<name>arena</name>
		<pose>Unspecified</pose>
		<truncated>0</truncated>
		<difficult>0</difficult>
		<bndbox>
			<xmin>78</xmin>
			<ymin>353</ymin>
			<xmax>2090</xmax>
			<ymax>1474</ymax>
		</bndbox>
	</object>
	<object>
		<name>bot</name>
		<pose>Unspecified</pose>
		<truncated>0</truncated>
		<difficult>0</difficult>
		<bndbox>
			<xmin>751</xmin>
			<ymin>1388</ymin>
			<xmax>837</xmax>
			<ymax>1474</ymax>
		</bndbox>
	</object>
	<object>
		<name>bot</name>
		<pose>Unspecified</pose>
		<truncated>0</truncated>
		<difficult>0</difficult>
		<bndbox>
			<xmin>867</xmin>
			<ymin>337</ymin>
			<xmax>961</xmax>
			<ymax>439</ymax>
		</bndbox>
	</object>
	<object>
		<name>bot</name>
		<pose>Unspecified</pose>
		<truncated>0</truncated>
		<difficult>0</difficult>
		<bndbox>
			<xmin>1102</xmin>
			<ymin>341</ymin>
			<xmax>1190</xmax>
			<ymax>429</ymax>
		</bndbox>
	</object>
	<object>
		<name>bot</name>
		<pose>Unspecified</pose>
		<truncated>0</truncated>
		<difficult>0</difficult>
		<bndbox>
			<xmin>1210</xmin>
			<ymin>357</ymin>
			<xmax>1304</xmax>
			<ymax>431</ymax>
		</bndbox>
	</object>
</annotation>
