<annotation>
	<folder>input</folder>
	<filename>271.jpg</filename>
	<path>C:\Users\Swetha\Desktop\annotation\input\271.jpg</path>
	<source>
		<database>Unknown</database>
	</source>
	<size>
		<width>4000</width>
		<height>3000</height>
		<depth>3</depth>
	</size>
	<segmented>0</segmented>
	<object>
		<name>arena</name>
		<pose>Unspecified</pose>
		<truncated>0</truncated>
		<difficult>0</difficult>
		<bndbox>
			<xmin>272</xmin>
			<ymin>628</ymin>
			<xmax>3959</xmax>
			<ymax>2673</ymax>
		</bndbox>
	</object>
	<object>
		<name>bot</name>
		<pose>Unspecified</pose>
		<truncated>0</truncated>
		<difficult>0</difficult>
		<bndbox>
			<xmin>2081</xmin>
			<ymin>815</ymin>
			<xmax>2256</xmax>
			<ymax>996</ymax>
		</bndbox>
	</object>
	<object>
		<name>bot</name>
		<pose>Unspecified</pose>
		<truncated>0</truncated>
		<difficult>0</difficult>
		<bndbox>
			<xmin>1865</xmin>
			<ymin>1205</ymin>
			<xmax>2014</xmax>
			<ymax>1393</ymax>
		</bndbox>
	</object>
	<object>
		<name>bot</name>
		<pose>Unspecified</pose>
		<truncated>0</truncated>
		<difficult>0</difficult>
		<bndbox>
			<xmin>1462</xmin>
			<ymin>2302</ymin>
			<xmax>1630</xmax>
			<ymax>2460</ymax>
		</bndbox>
	</object>
	<object>
		<name>bot</name>
		<pose>Unspecified</pose>
		<truncated>0</truncated>
		<difficult>0</difficult>
		<bndbox>
			<xmin>2949</xmin>
			<ymin>2299</ymin>
			<xmax>3114</xmax>
			<ymax>2470</ymax>
		</bndbox>
	</object>
</annotation>
