<annotation>
	<folder>input</folder>
	<filename>272.jpg</filename>
	<path>C:\Users\Swetha\Desktop\annotation\input\272.jpg</path>
	<source>
		<database>Unknown</database>
	</source>
	<size>
		<width>4000</width>
		<height>3000</height>
		<depth>3</depth>
	</size>
	<segmented>0</segmented>
	<object>
		<name>arena</name>
		<pose>Unspecified</pose>
		<truncated>0</truncated>
		<difficult>0</difficult>
		<bndbox>
			<xmin>236</xmin>
			<ymin>586</ymin>
			<xmax>3907</xmax>
			<ymax>2593</ymax>
		</bndbox>
	</object>
	<object>
		<name>bot</name>
		<pose>Unspecified</pose>
		<truncated>0</truncated>
		<difficult>0</difficult>
		<bndbox>
			<xmin>1614</xmin>
			<ymin>2247</ymin>
			<xmax>1765</xmax>
			<ymax>2409</ymax>
		</bndbox>
	</object>
	<object>
		<name>bot</name>
		<pose>Unspecified</pose>
		<truncated>0</truncated>
		<difficult>0</difficult>
		<bndbox>
			<xmin>1810</xmin>
			<ymin>1180</ymin>
			<xmax>1969</xmax>
			<ymax>1331</ymax>
		</bndbox>
	</object>
	<object>
		<name>bot</name>
		<pose>Unspecified</pose>
		<truncated>0</truncated>
		<difficult>0</difficult>
		<bndbox>
			<xmin>2033</xmin>
			<ymin>767</ymin>
			<xmax>2198</xmax>
			<ymax>941</ymax>
		</bndbox>
	</object>
	<object>
		<name>bot</name>
		<pose>Unspecified</pose>
		<truncated>0</truncated>
		<difficult>0</difficult>
		<bndbox>
			<xmin>2901</xmin>
			<ymin>2218</ymin>
			<xmax>3065</xmax>
			<ymax>2393</ymax>
		</bndbox>
	</object>
</annotation>
