<annotation>
	<folder>input</folder>
	<filename>279.jpg</filename>
	<path>C:\Users\Swetha\Desktop\annotation\input\279.jpg</path>
	<source>
		<database>Unknown</database>
	</source>
	<size>
		<width>4000</width>
		<height>3000</height>
		<depth>3</depth>
	</size>
	<segmented>0</segmented>
	<object>
		<name>arena</name>
		<pose>Unspecified</pose>
		<truncated>0</truncated>
		<difficult>0</difficult>
		<bndbox>
			<xmin>214</xmin>
			<ymin>573</ymin>
			<xmax>3878</xmax>
			<ymax>2593</ymax>
		</bndbox>
	</object>
	<object>
		<name>bot</name>
		<pose>Unspecified</pose>
		<truncated>0</truncated>
		<difficult>0</difficult>
		<bndbox>
			<xmin>2262</xmin>
			<ymin>2041</ymin>
			<xmax>2414</xmax>
			<ymax>2199</ymax>
		</bndbox>
	</object>
	<object>
		<name>bot</name>
		<pose>Unspecified</pose>
		<truncated>0</truncated>
		<difficult>0</difficult>
		<bndbox>
			<xmin>1627</xmin>
			<ymin>1618</ymin>
			<xmax>1788</xmax>
			<ymax>1780</ymax>
		</bndbox>
	</object>
	<object>
		<name>bot</name>
		<pose>Unspecified</pose>
		<truncated>0</truncated>
		<difficult>0</difficult>
		<bndbox>
			<xmin>1801</xmin>
			<ymin>1193</ymin>
			<xmax>1975</xmax>
			<ymax>1351</ymax>
		</bndbox>
	</object>
	<object>
		<name>bot</name>
		<pose>Unspecified</pose>
		<truncated>0</truncated>
		<difficult>0</difficult>
		<bndbox>
			<xmin>2040</xmin>
			<ymin>780</ymin>
			<xmax>2204</xmax>
			<ymax>951</ymax>
		</bndbox>
	</object>
</annotation>
