<annotation>
	<folder>input</folder>
	<filename>28.jpg</filename>
	<path>C:\Users\Swetha\Desktop\annotation\input\28.jpg</path>
	<source>
		<database>Unknown</database>
	</source>
	<size>
		<width>2432</width>
		<height>2196</height>
		<depth>3</depth>
	</size>
	<segmented>0</segmented>
	<object>
		<name>arena</name>
		<pose>Unspecified</pose>
		<truncated>1</truncated>
		<difficult>0</difficult>
		<bndbox>
			<xmin>70</xmin>
			<ymin>397</ymin>
			<xmax>2432</xmax>
			<ymax>1704</ymax>
		</bndbox>
	</object>
	<object>
		<name>bot</name>
		<pose>Unspecified</pose>
		<truncated>0</truncated>
		<difficult>0</difficult>
		<bndbox>
			<xmin>708</xmin>
			<ymin>1602</ymin>
			<xmax>805</xmax>
			<ymax>1707</ymax>
		</bndbox>
	</object>
	<object>
		<name>bot</name>
		<pose>Unspecified</pose>
		<truncated>0</truncated>
		<difficult>0</difficult>
		<bndbox>
			<xmin>989</xmin>
			<ymin>369</ymin>
			<xmax>1103</xmax>
			<ymax>495</ymax>
		</bndbox>
	</object>
	<object>
		<name>bot</name>
		<pose>Unspecified</pose>
		<truncated>0</truncated>
		<difficult>0</difficult>
		<bndbox>
			<xmin>1273</xmin>
			<ymin>381</ymin>
			<xmax>1370</xmax>
			<ymax>483</ymax>
		</bndbox>
	</object>
	<object>
		<name>bot</name>
		<pose>Unspecified</pose>
		<truncated>0</truncated>
		<difficult>0</difficult>
		<bndbox>
			<xmin>1387</xmin>
			<ymin>388</ymin>
			<xmax>1498</xmax>
			<ymax>483</ymax>
		</bndbox>
	</object>
</annotation>
