<annotation>
	<folder>input</folder>
	<filename>29.jpg</filename>
	<path>C:\Users\Swetha\Desktop\annotation\input\29.jpg</path>
	<source>
		<database>Unknown</database>
	</source>
	<size>
		<width>2332</width>
		<height>2000</height>
		<depth>3</depth>
	</size>
	<segmented>0</segmented>
	<object>
		<name>arena</name>
		<pose>Unspecified</pose>
		<truncated>0</truncated>
		<difficult>0</difficult>
		<bndbox>
			<xmin>64</xmin>
			<ymin>353</ymin>
			<xmax>2226</xmax>
			<ymax>1551</ymax>
		</bndbox>
	</object>
	<object>
		<name>bot</name>
		<pose>Unspecified</pose>
		<truncated>0</truncated>
		<difficult>0</difficult>
		<bndbox>
			<xmin>549</xmin>
			<ymin>1451</ymin>
			<xmax>632</xmax>
			<ymax>1544</ymax>
		</bndbox>
	</object>
	<object>
		<name>bot</name>
		<pose>Unspecified</pose>
		<truncated>0</truncated>
		<difficult>0</difficult>
		<bndbox>
			<xmin>924</xmin>
			<ymin>348</ymin>
			<xmax>1022</xmax>
			<ymax>448</ymax>
		</bndbox>
	</object>
	<object>
		<name>bot</name>
		<pose>Unspecified</pose>
		<truncated>0</truncated>
		<difficult>0</difficult>
		<bndbox>
			<xmin>1164</xmin>
			<ymin>348</ymin>
			<xmax>1269</xmax>
			<ymax>438</ymax>
		</bndbox>
	</object>
	<object>
		<name>bot</name>
		<pose>Unspecified</pose>
		<truncated>0</truncated>
		<difficult>0</difficult>
		<bndbox>
			<xmin>1290</xmin>
			<ymin>363</ymin>
			<xmax>1386</xmax>
			<ymax>438</ymax>
		</bndbox>
	</object>
</annotation>
