<annotation>
	<folder>input</folder>
	<filename>3.jpg</filename>
	<path>C:\Users\Swetha\Desktop\annotation\input\3.jpg</path>
	<source>
		<database>Unknown</database>
	</source>
	<size>
		<width>2416</width>
		<height>1984</height>
		<depth>3</depth>
	</size>
	<segmented>0</segmented>
	<object>
		<name>arena</name>
		<pose>Unspecified</pose>
		<truncated>0</truncated>
		<difficult>0</difficult>
		<bndbox>
			<xmin>62</xmin>
			<ymin>368</ymin>
			<xmax>2236</xmax>
			<ymax>1553</ymax>
		</bndbox>
	</object>
	<object>
		<name>bot</name>
		<pose>Unspecified</pose>
		<truncated>0</truncated>
		<difficult>0</difficult>
		<bndbox>
			<xmin>908</xmin>
			<ymin>596</ymin>
			<xmax>1000</xmax>
			<ymax>685</ymax>
		</bndbox>
	</object>
	<object>
		<name>bot</name>
		<pose>Unspecified</pose>
		<truncated>0</truncated>
		<difficult>0</difficult>
		<bndbox>
			<xmin>1040</xmin>
			<ymin>366</ymin>
			<xmax>1125</xmax>
			<ymax>453</ymax>
		</bndbox>
	</object>
	<object>
		<name>bot</name>
		<pose>Unspecified</pose>
		<truncated>0</truncated>
		<difficult>0</difficult>
		<bndbox>
			<xmin>1164</xmin>
			<ymin>368</ymin>
			<xmax>1257</xmax>
			<ymax>447</ymax>
		</bndbox>
	</object>
	<object>
		<name>bot</name>
		<pose>Unspecified</pose>
		<truncated>0</truncated>
		<difficult>0</difficult>
		<bndbox>
			<xmin>1279</xmin>
			<ymin>368</ymin>
			<xmax>1372</xmax>
			<ymax>449</ymax>
		</bndbox>
	</object>
</annotation>
