<annotation>
	<folder>input</folder>
	<filename>30.jpg</filename>
	<path>C:\Users\Swetha\Desktop\annotation\input\30.jpg</path>
	<source>
		<database>Unknown</database>
	</source>
	<size>
		<width>2360</width>
		<height>1948</height>
		<depth>3</depth>
	</size>
	<segmented>0</segmented>
	<object>
		<name>arena</name>
		<pose>Unspecified</pose>
		<truncated>0</truncated>
		<difficult>0</difficult>
		<bndbox>
			<xmin>77</xmin>
			<ymin>353</ymin>
			<xmax>2164</xmax>
			<ymax>1505</ymax>
		</bndbox>
	</object>
	<object>
		<name>bot</name>
		<pose>Unspecified</pose>
		<truncated>0</truncated>
		<difficult>0</difficult>
		<bndbox>
			<xmin>431</xmin>
			<ymin>1419</ymin>
			<xmax>516</xmax>
			<ymax>1509</ymax>
		</bndbox>
	</object>
	<object>
		<name>bot</name>
		<pose>Unspecified</pose>
		<truncated>0</truncated>
		<difficult>0</difficult>
		<bndbox>
			<xmin>910</xmin>
			<ymin>344</ymin>
			<xmax>996</xmax>
			<ymax>446</ymax>
		</bndbox>
	</object>
	<object>
		<name>bot</name>
		<pose>Unspecified</pose>
		<truncated>0</truncated>
		<difficult>0</difficult>
		<bndbox>
			<xmin>1154</xmin>
			<ymin>353</ymin>
			<xmax>1248</xmax>
			<ymax>438</ymax>
		</bndbox>
	</object>
	<object>
		<name>bot</name>
		<pose>Unspecified</pose>
		<truncated>0</truncated>
		<difficult>0</difficult>
		<bndbox>
			<xmin>1258</xmin>
			<ymin>357</ymin>
			<xmax>1358</xmax>
			<ymax>438</ymax>
		</bndbox>
	</object>
</annotation>
