<annotation>
	<folder>Input</folder>
	<filename>301.jpg</filename>
	<path>/home/user/Desktop/Annotation/Input/301.jpg</path>
	<source>
		<database>Unknown</database>
	</source>
	<size>
		<width>2460</width>
		<height>2224</height>
		<depth>3</depth>
	</size>
	<segmented>0</segmented>
	<object>
		<name>arena</name>
		<pose>Unspecified</pose>
		<truncated>0</truncated>
		<difficult>0</difficult>
		<bndbox>
			<xmin>14</xmin>
			<ymin>397</ymin>
			<xmax>2432</xmax>
			<ymax>1740</ymax>
		</bndbox>
	</object>
	<object>
		<name>bot</name>
		<pose>Unspecified</pose>
		<truncated>0</truncated>
		<difficult>0</difficult>
		<bndbox>
			<xmin>974</xmin>
			<ymin>386</ymin>
			<xmax>1078</xmax>
			<ymax>490</ymax>
		</bndbox>
	</object>
	<object>
		<name>bot</name>
		<pose>Unspecified</pose>
		<truncated>0</truncated>
		<difficult>0</difficult>
		<bndbox>
			<xmin>1110</xmin>
			<ymin>397</ymin>
			<xmax>1210</xmax>
			<ymax>490</ymax>
		</bndbox>
	</object>
	<object>
		<name>bot</name>
		<pose>Unspecified</pose>
		<truncated>0</truncated>
		<difficult>0</difficult>
		<bndbox>
			<xmin>1378</xmin>
			<ymin>404</ymin>
			<xmax>1485</xmax>
			<ymax>490</ymax>
		</bndbox>
	</object>
	<object>
		<name>bot</name>
		<pose>Unspecified</pose>
		<truncated>0</truncated>
		<difficult>0</difficult>
		<bndbox>
			<xmin>1246</xmin>
			<ymin>958</ymin>
			<xmax>1339</xmax>
			<ymax>1054</ymax>
		</bndbox>
	</object>
</annotation>
