<annotation>
	<folder>Input</folder>
	<filename>304.jpg</filename>
	<path>/home/user/Desktop/Annotation/Input/304.jpg</path>
	<source>
		<database>Unknown</database>
	</source>
	<size>
		<width>4000</width>
		<height>3000</height>
		<depth>3</depth>
	</size>
	<segmented>0</segmented>
	<object>
		<name>arena</name>
		<pose>Unspecified</pose>
		<truncated>0</truncated>
		<difficult>0</difficult>
		<bndbox>
			<xmin>272</xmin>
			<ymin>414</ymin>
			<xmax>3839</xmax>
			<ymax>2405</ymax>
		</bndbox>
	</object>
	<object>
		<name>bot</name>
		<pose>Unspecified</pose>
		<truncated>0</truncated>
		<difficult>0</difficult>
		<bndbox>
			<xmin>1944</xmin>
			<ymin>405</ymin>
			<xmax>2092</xmax>
			<ymax>547</ymax>
		</bndbox>
	</object>
	<object>
		<name>bot</name>
		<pose>Unspecified</pose>
		<truncated>0</truncated>
		<difficult>0</difficult>
		<bndbox>
			<xmin>2725</xmin>
			<ymin>409</ymin>
			<xmax>2868</xmax>
			<ymax>547</ymax>
		</bndbox>
	</object>
	<object>
		<name>bot</name>
		<pose>Unspecified</pose>
		<truncated>0</truncated>
		<difficult>0</difficult>
		<bndbox>
			<xmin>1725</xmin>
			<ymin>1833</ymin>
			<xmax>1873</xmax>
			<ymax>1990</ymax>
		</bndbox>
	</object>
	<object>
		<name>bot</name>
		<pose>Unspecified</pose>
		<truncated>0</truncated>
		<difficult>0</difficult>
		<bndbox>
			<xmin>2344</xmin>
			<ymin>1843</ymin>
			<xmax>2497</xmax>
			<ymax>1985</ymax>
		</bndbox>
	</object>
</annotation>
