<annotation>
	<folder>input</folder>
	<filename>31.jpg</filename>
	<path>C:\Users\Swetha\Desktop\annotation\input\31.jpg</path>
	<source>
		<database>Unknown</database>
	</source>
	<size>
		<width>2440</width>
		<height>2128</height>
		<depth>3</depth>
	</size>
	<segmented>0</segmented>
	<object>
		<name>arena</name>
		<pose>Unspecified</pose>
		<truncated>0</truncated>
		<difficult>0</difficult>
		<bndbox>
			<xmin>80</xmin>
			<ymin>377</ymin>
			<xmax>2339</xmax>
			<ymax>1661</ymax>
		</bndbox>
	</object>
	<object>
		<name>bot</name>
		<pose>Unspecified</pose>
		<truncated>0</truncated>
		<difficult>0</difficult>
		<bndbox>
			<xmin>314</xmin>
			<ymin>1559</ymin>
			<xmax>410</xmax>
			<ymax>1650</ymax>
		</bndbox>
	</object>
	<object>
		<name>bot</name>
		<pose>Unspecified</pose>
		<truncated>0</truncated>
		<difficult>0</difficult>
		<bndbox>
			<xmin>975</xmin>
			<ymin>370</ymin>
			<xmax>1071</xmax>
			<ymax>481</ymax>
		</bndbox>
	</object>
	<object>
		<name>bot</name>
		<pose>Unspecified</pose>
		<truncated>0</truncated>
		<difficult>0</difficult>
		<bndbox>
			<xmin>1237</xmin>
			<ymin>372</ymin>
			<xmax>1335</xmax>
			<ymax>481</ymax>
		</bndbox>
	</object>
	<object>
		<name>bot</name>
		<pose>Unspecified</pose>
		<truncated>0</truncated>
		<difficult>0</difficult>
		<bndbox>
			<xmin>1360</xmin>
			<ymin>386</ymin>
			<xmax>1455</xmax>
			<ymax>475</ymax>
		</bndbox>
	</object>
</annotation>
