<annotation>
	<folder>Input</folder>
	<filename>312.jpg</filename>
	<path>/home/user/Desktop/Annotation/Input/312.jpg</path>
	<source>
		<database>Unknown</database>
	</source>
	<size>
		<width>2516</width>
		<height>2152</height>
		<depth>3</depth>
	</size>
	<segmented>0</segmented>
	<object>
		<name>arena</name>
		<pose>Unspecified</pose>
		<truncated>1</truncated>
		<difficult>0</difficult>
		<bndbox>
			<xmin>121</xmin>
			<ymin>410</ymin>
			<xmax>2516</xmax>
			<ymax>1745</ymax>
		</bndbox>
	</object>
	<object>
		<name>bot</name>
		<pose>Unspecified</pose>
		<truncated>0</truncated>
		<difficult>0</difficult>
		<bndbox>
			<xmin>1204</xmin>
			<ymin>983</ymin>
			<xmax>1297</xmax>
			<ymax>1072</ymax>
		</bndbox>
	</object>
	<object>
		<name>bot</name>
		<pose>Unspecified</pose>
		<truncated>0</truncated>
		<difficult>0</difficult>
		<bndbox>
			<xmin>1042</xmin>
			<ymin>1652</ymin>
			<xmax>1142</xmax>
			<ymax>1748</ymax>
		</bndbox>
	</object>
	<object>
		<name>bot</name>
		<pose>Unspecified</pose>
		<truncated>0</truncated>
		<difficult>0</difficult>
		<bndbox>
			<xmin>1315</xmin>
			<ymin>1662</ymin>
			<xmax>1408</xmax>
			<ymax>1745</ymax>
		</bndbox>
	</object>
	<object>
		<name>bot</name>
		<pose>Unspecified</pose>
		<truncated>0</truncated>
		<difficult>0</difficult>
		<bndbox>
			<xmin>1439</xmin>
			<ymin>1658</ymin>
			<xmax>1542</xmax>
			<ymax>1748</ymax>
		</bndbox>
	</object>
</annotation>
