<annotation>
	<folder>input</folder>
	<filename>32.jpg</filename>
	<path>C:\Users\Swetha\Desktop\annotation\input\32.jpg</path>
	<source>
		<database>Unknown</database>
	</source>
	<size>
		<width>2496</width>
		<height>2204</height>
		<depth>3</depth>
	</size>
	<segmented>0</segmented>
	<object>
		<name>arena</name>
		<pose>Unspecified</pose>
		<truncated>0</truncated>
		<difficult>0</difficult>
		<bndbox>
			<xmin>53</xmin>
			<ymin>401</ymin>
			<xmax>2433</xmax>
			<ymax>1715</ymax>
		</bndbox>
	</object>
	<object>
		<name>bot</name>
		<pose>Unspecified</pose>
		<truncated>0</truncated>
		<difficult>0</difficult>
		<bndbox>
			<xmin>179</xmin>
			<ymin>1601</ymin>
			<xmax>284</xmax>
			<ymax>1697</ymax>
		</bndbox>
	</object>
	<object>
		<name>bot</name>
		<pose>Unspecified</pose>
		<truncated>0</truncated>
		<difficult>0</difficult>
		<bndbox>
			<xmin>1281</xmin>
			<ymin>394</ymin>
			<xmax>1386</xmax>
			<ymax>490</ymax>
		</bndbox>
	</object>
	<object>
		<name>bot</name>
		<pose>Unspecified</pose>
		<truncated>0</truncated>
		<difficult>0</difficult>
		<bndbox>
			<xmin>1412</xmin>
			<ymin>399</ymin>
			<xmax>1514</xmax>
			<ymax>497</ymax>
		</bndbox>
	</object>
	<object>
		<name>bot</name>
		<pose>Unspecified</pose>
		<truncated>0</truncated>
		<difficult>0</difficult>
		<bndbox>
			<xmin>1014</xmin>
			<ymin>387</ymin>
			<xmax>1116</xmax>
			<ymax>494</ymax>
		</bndbox>
	</object>
</annotation>
