<annotation>
	<folder>Input</folder>
	<filename>323.jpg</filename>
	<path>/home/user/Desktop/Annotation/Input/323.jpg</path>
	<source>
		<database>Unknown</database>
	</source>
	<size>
		<width>2432</width>
		<height>2180</height>
		<depth>3</depth>
	</size>
	<segmented>0</segmented>
	<object>
		<name>arena</name>
		<pose>Unspecified</pose>
		<truncated>0</truncated>
		<difficult>0</difficult>
		<bndbox>
			<xmin>46</xmin>
			<ymin>407</ymin>
			<xmax>2403</xmax>
			<ymax>1700</ymax>
		</bndbox>
	</object>
	<object>
		<name>bot</name>
		<pose>Unspecified</pose>
		<truncated>0</truncated>
		<difficult>0</difficult>
		<bndbox>
			<xmin>985</xmin>
			<ymin>404</ymin>
			<xmax>1089</xmax>
			<ymax>500</ymax>
		</bndbox>
	</object>
	<object>
		<name>bot</name>
		<pose>Unspecified</pose>
		<truncated>0</truncated>
		<difficult>0</difficult>
		<bndbox>
			<xmin>1110</xmin>
			<ymin>397</ymin>
			<xmax>1214</xmax>
			<ymax>500</ymax>
		</bndbox>
	</object>
	<object>
		<name>bot</name>
		<pose>Unspecified</pose>
		<truncated>0</truncated>
		<difficult>0</difficult>
		<bndbox>
			<xmin>1382</xmin>
			<ymin>404</ymin>
			<xmax>1485</xmax>
			<ymax>497</ymax>
		</bndbox>
	</object>
	<object>
		<name>bot</name>
		<pose>Unspecified</pose>
		<truncated>0</truncated>
		<difficult>0</difficult>
		<bndbox>
			<xmin>1228</xmin>
			<ymin>1204</ymin>
			<xmax>1325</xmax>
			<ymax>1297</ymax>
		</bndbox>
	</object>
</annotation>
