<annotation>
	<folder>input</folder>
	<filename>33.jpg</filename>
	<path>C:\Users\Swetha\Desktop\annotation\input\33.jpg</path>
	<source>
		<database>Unknown</database>
	</source>
	<size>
		<width>2288</width>
		<height>1956</height>
		<depth>3</depth>
	</size>
	<segmented>0</segmented>
	<object>
		<name>arena</name>
		<pose>Unspecified</pose>
		<truncated>0</truncated>
		<difficult>0</difficult>
		<bndbox>
			<xmin>76</xmin>
			<ymin>357</ymin>
			<xmax>2195</xmax>
			<ymax>1513</ymax>
		</bndbox>
	</object>
	<object>
		<name>bot</name>
		<pose>Unspecified</pose>
		<truncated>0</truncated>
		<difficult>0</difficult>
		<bndbox>
			<xmin>55</xmin>
			<ymin>1425</ymin>
			<xmax>153</xmax>
			<ymax>1505</ymax>
		</bndbox>
	</object>
	<object>
		<name>bot</name>
		<pose>Unspecified</pose>
		<truncated>0</truncated>
		<difficult>0</difficult>
		<bndbox>
			<xmin>912</xmin>
			<ymin>348</ymin>
			<xmax>999</xmax>
			<ymax>436</ymax>
		</bndbox>
	</object>
	<object>
		<name>bot</name>
		<pose>Unspecified</pose>
		<truncated>0</truncated>
		<difficult>0</difficult>
		<bndbox>
			<xmin>1155</xmin>
			<ymin>348</ymin>
			<xmax>1245</xmax>
			<ymax>434</ymax>
		</bndbox>
	</object>
	<object>
		<name>bot</name>
		<pose>Unspecified</pose>
		<truncated>0</truncated>
		<difficult>0</difficult>
		<bndbox>
			<xmin>1262</xmin>
			<ymin>348</ymin>
			<xmax>1362</xmax>
			<ymax>436</ymax>
		</bndbox>
	</object>
</annotation>
