<annotation>
	<folder>Input</folder>
	<filename>330.jpg</filename>
	<path>/home/user/Desktop/Annotation/Input/330.jpg</path>
	<source>
		<database>Unknown</database>
	</source>
	<size>
		<width>4000</width>
		<height>3000</height>
		<depth>3</depth>
	</size>
	<segmented>0</segmented>
	<object>
		<name>arena</name>
		<pose>Unspecified</pose>
		<truncated>0</truncated>
		<difficult>0</difficult>
		<bndbox>
			<xmin>168</xmin>
			<ymin>381</ymin>
			<xmax>3778</xmax>
			<ymax>2424</ymax>
		</bndbox>
	</object>
	<object>
		<name>bot</name>
		<pose>Unspecified</pose>
		<truncated>0</truncated>
		<difficult>0</difficult>
		<bndbox>
			<xmin>1244</xmin>
			<ymin>362</ymin>
			<xmax>1401</xmax>
			<ymax>509</ymax>
		</bndbox>
	</object>
	<object>
		<name>bot</name>
		<pose>Unspecified</pose>
		<truncated>0</truncated>
		<difficult>0</difficult>
		<bndbox>
			<xmin>2706</xmin>
			<ymin>347</ymin>
			<xmax>2849</xmax>
			<ymax>509</ymax>
		</bndbox>
	</object>
	<object>
		<name>bot</name>
		<pose>Unspecified</pose>
		<truncated>0</truncated>
		<difficult>0</difficult>
		<bndbox>
			<xmin>1659</xmin>
			<ymin>995</ymin>
			<xmax>1820</xmax>
			<ymax>1147</ymax>
		</bndbox>
	</object>
	<object>
		<name>bot</name>
		<pose>Unspecified</pose>
		<truncated>0</truncated>
		<difficult>0</difficult>
		<bndbox>
			<xmin>2273</xmin>
			<ymin>1400</ymin>
			<xmax>2420</xmax>
			<ymax>1557</ymax>
		</bndbox>
	</object>
</annotation>
