<annotation>
	<folder>Input</folder>
	<filename>334.jpg</filename>
	<path>/home/user/Desktop/Annotation/Input/334.jpg</path>
	<source>
		<database>Unknown</database>
	</source>
	<size>
		<width>2428</width>
		<height>2156</height>
		<depth>3</depth>
	</size>
	<segmented>0</segmented>
	<object>
		<name>arena</name>
		<pose>Unspecified</pose>
		<truncated>0</truncated>
		<difficult>0</difficult>
		<bndbox>
			<xmin>91</xmin>
			<ymin>398</ymin>
			<xmax>2395</xmax>
			<ymax>1698</ymax>
		</bndbox>
	</object>
	<object>
		<name>bot</name>
		<pose>Unspecified</pose>
		<truncated>0</truncated>
		<difficult>0</difficult>
		<bndbox>
			<xmin>1122</xmin>
			<ymin>398</ymin>
			<xmax>1215</xmax>
			<ymax>498</ymax>
		</bndbox>
	</object>
	<object>
		<name>bot</name>
		<pose>Unspecified</pose>
		<truncated>0</truncated>
		<difficult>0</difficult>
		<bndbox>
			<xmin>1260</xmin>
			<ymin>395</ymin>
			<xmax>1350</xmax>
			<ymax>491</ymax>
		</bndbox>
	</object>
	<object>
		<name>bot</name>
		<pose>Unspecified</pose>
		<truncated>0</truncated>
		<difficult>0</difficult>
		<bndbox>
			<xmin>1377</xmin>
			<ymin>398</ymin>
			<xmax>1477</xmax>
			<ymax>485</ymax>
		</bndbox>
	</object>
	<object>
		<name>bot</name>
		<pose>Unspecified</pose>
		<truncated>0</truncated>
		<difficult>0</difficult>
		<bndbox>
			<xmin>981</xmin>
			<ymin>802</ymin>
			<xmax>1077</xmax>
			<ymax>895</ymax>
		</bndbox>
	</object>
</annotation>
