<annotation>
	<folder>Input</folder>
	<filename>335.jpg</filename>
	<path>/home/user/Desktop/Annotation/Input/335.jpg</path>
	<source>
		<database>Unknown</database>
	</source>
	<size>
		<width>2440</width>
		<height>2200</height>
		<depth>3</depth>
	</size>
	<segmented>0</segmented>
	<object>
		<name>arena</name>
		<pose>Unspecified</pose>
		<truncated>0</truncated>
		<difficult>0</difficult>
		<bndbox>
			<xmin>75</xmin>
			<ymin>407</ymin>
			<xmax>2418</xmax>
			<ymax>1710</ymax>
		</bndbox>
	</object>
	<object>
		<name>bot</name>
		<pose>Unspecified</pose>
		<truncated>0</truncated>
		<difficult>0</difficult>
		<bndbox>
			<xmin>1007</xmin>
			<ymin>400</ymin>
			<xmax>1111</xmax>
			<ymax>503</ymax>
		</bndbox>
	</object>
	<object>
		<name>bot</name>
		<pose>Unspecified</pose>
		<truncated>0</truncated>
		<difficult>0</difficult>
		<bndbox>
			<xmin>1139</xmin>
			<ymin>410</ymin>
			<xmax>1239</xmax>
			<ymax>503</ymax>
		</bndbox>
	</object>
	<object>
		<name>bot</name>
		<pose>Unspecified</pose>
		<truncated>0</truncated>
		<difficult>0</difficult>
		<bndbox>
			<xmin>1414</xmin>
			<ymin>414</ymin>
			<xmax>1511</xmax>
			<ymax>500</ymax>
		</bndbox>
	</object>
	<object>
		<name>bot</name>
		<pose>Unspecified</pose>
		<truncated>0</truncated>
		<difficult>0</difficult>
		<bndbox>
			<xmin>1250</xmin>
			<ymin>1364</ymin>
			<xmax>1357</xmax>
			<ymax>1457</ymax>
		</bndbox>
	</object>
</annotation>
