<annotation>
	<folder>Input</folder>
	<filename>336.jpg</filename>
	<path>/home/user/Desktop/Annotation/Input/336.jpg</path>
	<source>
		<database>Unknown</database>
	</source>
	<size>
		<width>4000</width>
		<height>3000</height>
		<depth>3</depth>
	</size>
	<segmented>0</segmented>
	<object>
		<name>arena</name>
		<pose>Unspecified</pose>
		<truncated>0</truncated>
		<difficult>0</difficult>
		<bndbox>
			<xmin>182</xmin>
			<ymin>309</ymin>
			<xmax>3730</xmax>
			<ymax>2305</ymax>
		</bndbox>
	</object>
	<object>
		<name>bot</name>
		<pose>Unspecified</pose>
		<truncated>0</truncated>
		<difficult>0</difficult>
		<bndbox>
			<xmin>1878</xmin>
			<ymin>485</ymin>
			<xmax>2020</xmax>
			<ymax>633</ymax>
		</bndbox>
	</object>
	<object>
		<name>bot</name>
		<pose>Unspecified</pose>
		<truncated>0</truncated>
		<difficult>0</difficult>
		<bndbox>
			<xmin>2692</xmin>
			<ymin>271</ymin>
			<xmax>2830</xmax>
			<ymax>409</ymax>
		</bndbox>
	</object>
	<object>
		<name>bot</name>
		<pose>Unspecified</pose>
		<truncated>0</truncated>
		<difficult>0</difficult>
		<bndbox>
			<xmin>1663</xmin>
			<ymin>890</ymin>
			<xmax>1816</xmax>
			<ymax>1043</ymax>
		</bndbox>
	</object>
	<object>
		<name>bot</name>
		<pose>Unspecified</pose>
		<truncated>0</truncated>
		<difficult>0</difficult>
		<bndbox>
			<xmin>2263</xmin>
			<ymin>1305</ymin>
			<xmax>2420</xmax>
			<ymax>1447</ymax>
		</bndbox>
	</object>
</annotation>
