<annotation>
	<folder>input</folder>
	<filename>35.jpg</filename>
	<path>C:\Users\Swetha\Desktop\annotation\input\35.jpg</path>
	<source>
		<database>Unknown</database>
	</source>
	<size>
		<width>2468</width>
		<height>2088</height>
		<depth>3</depth>
	</size>
	<segmented>0</segmented>
	<object>
		<name>arena</name>
		<pose>Unspecified</pose>
		<truncated>0</truncated>
		<difficult>0</difficult>
		<bndbox>
			<xmin>57</xmin>
			<ymin>361</ymin>
			<xmax>2344</xmax>
			<ymax>1614</ymax>
		</bndbox>
	</object>
	<object>
		<name>bot</name>
		<pose>Unspecified</pose>
		<truncated>0</truncated>
		<difficult>0</difficult>
		<bndbox>
			<xmin>966</xmin>
			<ymin>350</ymin>
			<xmax>1061</xmax>
			<ymax>446</ymax>
		</bndbox>
	</object>
	<object>
		<name>bot</name>
		<pose>Unspecified</pose>
		<truncated>0</truncated>
		<difficult>0</difficult>
		<bndbox>
			<xmin>1086</xmin>
			<ymin>341</ymin>
			<xmax>1181</xmax>
			<ymax>441</ymax>
		</bndbox>
	</object>
	<object>
		<name>bot</name>
		<pose>Unspecified</pose>
		<truncated>0</truncated>
		<difficult>0</difficult>
		<bndbox>
			<xmin>1201</xmin>
			<ymin>612</ymin>
			<xmax>1301</xmax>
			<ymax>703</ymax>
		</bndbox>
	</object>
	<object>
		<name>bot</name>
		<pose>Unspecified</pose>
		<truncated>0</truncated>
		<difficult>0</difficult>
		<bndbox>
			<xmin>1341</xmin>
			<ymin>350</ymin>
			<xmax>1448</xmax>
			<ymax>441</ymax>
		</bndbox>
	</object>
</annotation>
