<annotation>
	<folder>Input</folder>
	<filename>354.jpg</filename>
	<path>/home/user/Desktop/Annotation/Input/354.jpg</path>
	<source>
		<database>Unknown</database>
	</source>
	<size>
		<width>2460</width>
		<height>2224</height>
		<depth>3</depth>
	</size>
	<segmented>0</segmented>
	<object>
		<name>arena</name>
		<pose>Unspecified</pose>
		<truncated>0</truncated>
		<difficult>0</difficult>
		<bndbox>
			<xmin>78</xmin>
			<ymin>419</ymin>
			<xmax>2457</xmax>
			<ymax>1754</ymax>
		</bndbox>
	</object>
	<object>
		<name>bot</name>
		<pose>Unspecified</pose>
		<truncated>0</truncated>
		<difficult>0</difficult>
		<bndbox>
			<xmin>999</xmin>
			<ymin>404</ymin>
			<xmax>1099</xmax>
			<ymax>512</ymax>
		</bndbox>
	</object>
	<object>
		<name>bot</name>
		<pose>Unspecified</pose>
		<truncated>0</truncated>
		<difficult>0</difficult>
		<bndbox>
			<xmin>1132</xmin>
			<ymin>404</ymin>
			<xmax>1228</xmax>
			<ymax>508</ymax>
		</bndbox>
	</object>
	<object>
		<name>bot</name>
		<pose>Unspecified</pose>
		<truncated>0</truncated>
		<difficult>0</difficult>
		<bndbox>
			<xmin>1399</xmin>
			<ymin>422</ymin>
			<xmax>1507</xmax>
			<ymax>508</ymax>
		</bndbox>
	</object>
	<object>
		<name>bot</name>
		<pose>Unspecified</pose>
		<truncated>0</truncated>
		<difficult>0</difficult>
		<bndbox>
			<xmin>1289</xmin>
			<ymin>1637</ymin>
			<xmax>1378</xmax>
			<ymax>1740</ymax>
		</bndbox>
	</object>
</annotation>
