<annotation>
	<folder>Input</folder>
	<filename>356.jpg</filename>
	<path>/home/user/Desktop/Annotation/Input/356.jpg</path>
	<source>
		<database>Unknown</database>
	</source>
	<size>
		<width>2516</width>
		<height>2168</height>
		<depth>3</depth>
	</size>
	<segmented>0</segmented>
	<object>
		<name>arena</name>
		<pose>Unspecified</pose>
		<truncated>0</truncated>
		<difficult>0</difficult>
		<bndbox>
			<xmin>77</xmin>
			<ymin>373</ymin>
			<xmax>2463</xmax>
			<ymax>1694</ymax>
		</bndbox>
	</object>
	<object>
		<name>bot</name>
		<pose>Unspecified</pose>
		<truncated>0</truncated>
		<difficult>0</difficult>
		<bndbox>
			<xmin>1001</xmin>
			<ymin>373</ymin>
			<xmax>1108</xmax>
			<ymax>473</ymax>
		</bndbox>
	</object>
	<object>
		<name>bot</name>
		<pose>Unspecified</pose>
		<truncated>0</truncated>
		<difficult>0</difficult>
		<bndbox>
			<xmin>1132</xmin>
			<ymin>377</ymin>
			<xmax>1232</xmax>
			<ymax>470</ymax>
		</bndbox>
	</object>
	<object>
		<name>bot</name>
		<pose>Unspecified</pose>
		<truncated>0</truncated>
		<difficult>0</difficult>
		<bndbox>
			<xmin>1401</xmin>
			<ymin>384</ymin>
			<xmax>1504</xmax>
			<ymax>473</ymax>
		</bndbox>
	</object>
	<object>
		<name>bot</name>
		<pose>Unspecified</pose>
		<truncated>0</truncated>
		<difficult>0</difficult>
		<bndbox>
			<xmin>1573</xmin>
			<ymin>1587</ymin>
			<xmax>1663</xmax>
			<ymax>1687</ymax>
		</bndbox>
	</object>
</annotation>
