<annotation>
	<folder>Input</folder>
	<filename>357.jpg</filename>
	<path>/home/user/Desktop/Annotation/Input/357.jpg</path>
	<source>
		<database>Unknown</database>
	</source>
	<size>
		<width>2532</width>
		<height>2240</height>
		<depth>3</depth>
	</size>
	<segmented>0</segmented>
	<object>
		<name>arena</name>
		<pose>Unspecified</pose>
		<truncated>0</truncated>
		<difficult>0</difficult>
		<bndbox>
			<xmin>32</xmin>
			<ymin>409</ymin>
			<xmax>2478</xmax>
			<ymax>1748</ymax>
		</bndbox>
	</object>
	<object>
		<name>bot</name>
		<pose>Unspecified</pose>
		<truncated>0</truncated>
		<difficult>0</difficult>
		<bndbox>
			<xmin>1003</xmin>
			<ymin>391</ymin>
			<xmax>1107</xmax>
			<ymax>498</ymax>
		</bndbox>
	</object>
	<object>
		<name>bot</name>
		<pose>Unspecified</pose>
		<truncated>0</truncated>
		<difficult>0</difficult>
		<bndbox>
			<xmin>1139</xmin>
			<ymin>398</ymin>
			<xmax>1243</xmax>
			<ymax>502</ymax>
		</bndbox>
	</object>
	<object>
		<name>bot</name>
		<pose>Unspecified</pose>
		<truncated>0</truncated>
		<difficult>0</difficult>
		<bndbox>
			<xmin>1414</xmin>
			<ymin>405</ymin>
			<xmax>1521</xmax>
			<ymax>502</ymax>
		</bndbox>
	</object>
	<object>
		<name>bot</name>
		<pose>Unspecified</pose>
		<truncated>0</truncated>
		<difficult>0</difficult>
		<bndbox>
			<xmin>1696</xmin>
			<ymin>1641</ymin>
			<xmax>1800</xmax>
			<ymax>1752</ymax>
		</bndbox>
	</object>
</annotation>
