<annotation>
	<folder>Input</folder>
	<filename>358.jpg</filename>
	<path>/home/user/Desktop/Annotation/Input/358.jpg</path>
	<source>
		<database>Unknown</database>
	</source>
	<size>
		<width>2492</width>
		<height>2220</height>
		<depth>3</depth>
	</size>
	<segmented>0</segmented>
	<object>
		<name>arena</name>
		<pose>Unspecified</pose>
		<truncated>1</truncated>
		<difficult>0</difficult>
		<bndbox>
			<xmin>1</xmin>
			<ymin>402</ymin>
			<xmax>2430</xmax>
			<ymax>1749</ymax>
		</bndbox>
	</object>
	<object>
		<name>bot</name>
		<pose>Unspecified</pose>
		<truncated>0</truncated>
		<difficult>0</difficult>
		<bndbox>
			<xmin>940</xmin>
			<ymin>392</ymin>
			<xmax>1058</xmax>
			<ymax>488</ymax>
		</bndbox>
	</object>
	<object>
		<name>bot</name>
		<pose>Unspecified</pose>
		<truncated>0</truncated>
		<difficult>0</difficult>
		<bndbox>
			<xmin>1083</xmin>
			<ymin>399</ymin>
			<xmax>1183</xmax>
			<ymax>485</ymax>
		</bndbox>
	</object>
	<object>
		<name>bot</name>
		<pose>Unspecified</pose>
		<truncated>0</truncated>
		<difficult>0</difficult>
		<bndbox>
			<xmin>1358</xmin>
			<ymin>395</ymin>
			<xmax>1465</xmax>
			<ymax>488</ymax>
		</bndbox>
	</object>
	<object>
		<name>bot</name>
		<pose>Unspecified</pose>
		<truncated>0</truncated>
		<difficult>0</difficult>
		<bndbox>
			<xmin>1780</xmin>
			<ymin>1635</ymin>
			<xmax>1880</xmax>
			<ymax>1738</ymax>
		</bndbox>
	</object>
</annotation>
