<annotation>
	<folder>Input</folder>
	<filename>359.jpg</filename>
	<path>/home/user/Desktop/Annotation/Input/359.jpg</path>
	<source>
		<database>Unknown</database>
	</source>
	<size>
		<width>2468</width>
		<height>2180</height>
		<depth>3</depth>
	</size>
	<segmented>0</segmented>
	<object>
		<name>arena</name>
		<pose>Unspecified</pose>
		<truncated>0</truncated>
		<difficult>0</difficult>
		<bndbox>
			<xmin>89</xmin>
			<ymin>390</ymin>
			<xmax>2453</xmax>
			<ymax>1704</ymax>
		</bndbox>
	</object>
	<object>
		<name>bot</name>
		<pose>Unspecified</pose>
		<truncated>0</truncated>
		<difficult>0</difficult>
		<bndbox>
			<xmin>986</xmin>
			<ymin>382</ymin>
			<xmax>1089</xmax>
			<ymax>479</ymax>
		</bndbox>
	</object>
	<object>
		<name>bot</name>
		<pose>Unspecified</pose>
		<truncated>0</truncated>
		<difficult>0</difficult>
		<bndbox>
			<xmin>1118</xmin>
			<ymin>382</ymin>
			<xmax>1214</xmax>
			<ymax>472</ymax>
		</bndbox>
	</object>
	<object>
		<name>bot</name>
		<pose>Unspecified</pose>
		<truncated>0</truncated>
		<difficult>0</difficult>
		<bndbox>
			<xmin>1386</xmin>
			<ymin>386</ymin>
			<xmax>1486</xmax>
			<ymax>472</ymax>
		</bndbox>
	</object>
	<object>
		<name>bot</name>
		<pose>Unspecified</pose>
		<truncated>0</truncated>
		<difficult>0</difficult>
		<bndbox>
			<xmin>1961</xmin>
			<ymin>1590</ymin>
			<xmax>2061</xmax>
			<ymax>1686</ymax>
		</bndbox>
	</object>
</annotation>
