<annotation>
	<folder>Input</folder>
	<filename>360.jpg</filename>
	<path>/home/user/Desktop/Annotation/Input/360.jpg</path>
	<source>
		<database>Unknown</database>
	</source>
	<size>
		<width>2508</width>
		<height>2204</height>
		<depth>3</depth>
	</size>
	<segmented>0</segmented>
	<object>
		<name>arena</name>
		<pose>Unspecified</pose>
		<truncated>1</truncated>
		<difficult>0</difficult>
		<bndbox>
			<xmin>77</xmin>
			<ymin>394</ymin>
			<xmax>2508</xmax>
			<ymax>1723</ymax>
		</bndbox>
	</object>
	<object>
		<name>bot</name>
		<pose>Unspecified</pose>
		<truncated>0</truncated>
		<difficult>0</difficult>
		<bndbox>
			<xmin>1027</xmin>
			<ymin>380</ymin>
			<xmax>1141</xmax>
			<ymax>484</ymax>
		</bndbox>
	</object>
	<object>
		<name>bot</name>
		<pose>Unspecified</pose>
		<truncated>0</truncated>
		<difficult>0</difficult>
		<bndbox>
			<xmin>1166</xmin>
			<ymin>391</ymin>
			<xmax>1259</xmax>
			<ymax>477</ymax>
		</bndbox>
	</object>
	<object>
		<name>bot</name>
		<pose>Unspecified</pose>
		<truncated>0</truncated>
		<difficult>0</difficult>
		<bndbox>
			<xmin>1434</xmin>
			<ymin>394</ymin>
			<xmax>1545</xmax>
			<ymax>477</ymax>
		</bndbox>
	</object>
	<object>
		<name>bot</name>
		<pose>Unspecified</pose>
		<truncated>0</truncated>
		<difficult>0</difficult>
		<bndbox>
			<xmin>2152</xmin>
			<ymin>1598</ymin>
			<xmax>2252</xmax>
			<ymax>1702</ymax>
		</bndbox>
	</object>
</annotation>
