<annotation>
	<folder>Input</folder>
	<filename>361.jpg</filename>
	<path>/home/user/Desktop/Annotation/Input/361.jpg</path>
	<source>
		<database>Unknown</database>
	</source>
	<size>
		<width>2524</width>
		<height>2212</height>
		<depth>3</depth>
	</size>
	<segmented>0</segmented>
	<object>
		<name>arena</name>
		<pose>Unspecified</pose>
		<truncated>0</truncated>
		<difficult>0</difficult>
		<bndbox>
			<xmin>35</xmin>
			<ymin>391</ymin>
			<xmax>2471</xmax>
			<ymax>1731</ymax>
		</bndbox>
	</object>
	<object>
		<name>bot</name>
		<pose>Unspecified</pose>
		<truncated>0</truncated>
		<difficult>0</difficult>
		<bndbox>
			<xmin>946</xmin>
			<ymin>377</ymin>
			<xmax>1056</xmax>
			<ymax>484</ymax>
		</bndbox>
	</object>
	<object>
		<name>bot</name>
		<pose>Unspecified</pose>
		<truncated>0</truncated>
		<difficult>0</difficult>
		<bndbox>
			<xmin>1085</xmin>
			<ymin>388</ymin>
			<xmax>1181</xmax>
			<ymax>484</ymax>
		</bndbox>
	</object>
	<object>
		<name>bot</name>
		<pose>Unspecified</pose>
		<truncated>0</truncated>
		<difficult>0</difficult>
		<bndbox>
			<xmin>1356</xmin>
			<ymin>395</ymin>
			<xmax>1464</xmax>
			<ymax>484</ymax>
		</bndbox>
	</object>
	<object>
		<name>bot</name>
		<pose>Unspecified</pose>
		<truncated>0</truncated>
		<difficult>0</difficult>
		<bndbox>
			<xmin>2260</xmin>
			<ymin>1609</ymin>
			<xmax>2356</xmax>
			<ymax>1713</ymax>
		</bndbox>
	</object>
</annotation>
