<annotation>
	<folder>Input</folder>
	<filename>363.jpg</filename>
	<path>/home/user/Desktop/Annotation/Input/363.jpg</path>
	<source>
		<database>Unknown</database>
	</source>
	<size>
		<width>2544</width>
		<height>2188</height>
		<depth>3</depth>
	</size>
	<segmented>0</segmented>
	<object>
		<name>arena</name>
		<pose>Unspecified</pose>
		<truncated>0</truncated>
		<difficult>0</difficult>
		<bndbox>
			<xmin>16</xmin>
			<ymin>383</ymin>
			<xmax>2449</xmax>
			<ymax>1704</ymax>
		</bndbox>
	</object>
	<object>
		<name>bot</name>
		<pose>Unspecified</pose>
		<truncated>0</truncated>
		<difficult>0</difficult>
		<bndbox>
			<xmin>988</xmin>
			<ymin>369</ymin>
			<xmax>1091</xmax>
			<ymax>469</ymax>
		</bndbox>
	</object>
	<object>
		<name>bot</name>
		<pose>Unspecified</pose>
		<truncated>0</truncated>
		<difficult>0</difficult>
		<bndbox>
			<xmin>1113</xmin>
			<ymin>372</ymin>
			<xmax>1213</xmax>
			<ymax>465</ymax>
		</bndbox>
	</object>
	<object>
		<name>bot</name>
		<pose>Unspecified</pose>
		<truncated>0</truncated>
		<difficult>0</difficult>
		<bndbox>
			<xmin>1388</xmin>
			<ymin>379</ymin>
			<xmax>1491</xmax>
			<ymax>472</ymax>
		</bndbox>
	</object>
	<object>
		<name>bot</name>
		<pose>Unspecified</pose>
		<truncated>0</truncated>
		<difficult>0</difficult>
		<bndbox>
			<xmin>2359</xmin>
			<ymin>1576</ymin>
			<xmax>2463</xmax>
			<ymax>1683</ymax>
		</bndbox>
	</object>
</annotation>
