<annotation>
	<folder>Input</folder>
	<filename>364.jpg</filename>
	<path>/home/user/Desktop/Annotation/Input/364.jpg</path>
	<source>
		<database>Unknown</database>
	</source>
	<size>
		<width>2524</width>
		<height>2204</height>
		<depth>3</depth>
	</size>
	<segmented>0</segmented>
	<object>
		<name>arena</name>
		<pose>Unspecified</pose>
		<truncated>0</truncated>
		<difficult>0</difficult>
		<bndbox>
			<xmin>56</xmin>
			<ymin>402</ymin>
			<xmax>2456</xmax>
			<ymax>1727</ymax>
		</bndbox>
	</object>
	<object>
		<name>bot</name>
		<pose>Unspecified</pose>
		<truncated>0</truncated>
		<difficult>0</difficult>
		<bndbox>
			<xmin>1017</xmin>
			<ymin>391</ymin>
			<xmax>1121</xmax>
			<ymax>491</ymax>
		</bndbox>
	</object>
	<object>
		<name>bot</name>
		<pose>Unspecified</pose>
		<truncated>0</truncated>
		<difficult>0</difficult>
		<bndbox>
			<xmin>1153</xmin>
			<ymin>398</ymin>
			<xmax>1249</xmax>
			<ymax>491</ymax>
		</bndbox>
	</object>
	<object>
		<name>bot</name>
		<pose>Unspecified</pose>
		<truncated>0</truncated>
		<difficult>0</difficult>
		<bndbox>
			<xmin>1274</xmin>
			<ymin>405</ymin>
			<xmax>1374</xmax>
			<ymax>498</ymax>
		</bndbox>
	</object>
	<object>
		<name>bot</name>
		<pose>Unspecified</pose>
		<truncated>0</truncated>
		<difficult>0</difficult>
		<bndbox>
			<xmin>1417</xmin>
			<ymin>537</ymin>
			<xmax>1524</xmax>
			<ymax>641</ymax>
		</bndbox>
	</object>
</annotation>
