<annotation>
	<folder>Input</folder>
	<filename>365.jpg</filename>
	<path>/home/user/Desktop/Annotation/Input/365.jpg</path>
	<source>
		<database>Unknown</database>
	</source>
	<size>
		<width>2428</width>
		<height>2148</height>
		<depth>3</depth>
	</size>
	<segmented>0</segmented>
	<object>
		<name>arena</name>
		<pose>Unspecified</pose>
		<truncated>0</truncated>
		<difficult>0</difficult>
		<bndbox>
			<xmin>74</xmin>
			<ymin>384</ymin>
			<xmax>2360</xmax>
			<ymax>1674</ymax>
		</bndbox>
	</object>
	<object>
		<name>bot</name>
		<pose>Unspecified</pose>
		<truncated>0</truncated>
		<difficult>0</difficult>
		<bndbox>
			<xmin>960</xmin>
			<ymin>387</ymin>
			<xmax>1064</xmax>
			<ymax>484</ymax>
		</bndbox>
	</object>
	<object>
		<name>bot</name>
		<pose>Unspecified</pose>
		<truncated>0</truncated>
		<difficult>0</difficult>
		<bndbox>
			<xmin>1084</xmin>
			<ymin>387</ymin>
			<xmax>1181</xmax>
			<ymax>484</ymax>
		</bndbox>
	</object>
	<object>
		<name>bot</name>
		<pose>Unspecified</pose>
		<truncated>0</truncated>
		<difficult>0</difficult>
		<bndbox>
			<xmin>1205</xmin>
			<ymin>377</ymin>
			<xmax>1302</xmax>
			<ymax>481</ymax>
		</bndbox>
	</object>
	<object>
		<name>bot</name>
		<pose>Unspecified</pose>
		<truncated>0</truncated>
		<difficult>0</difficult>
		<bndbox>
			<xmin>1340</xmin>
			<ymin>653</ymin>
			<xmax>1433</xmax>
			<ymax>746</ymax>
		</bndbox>
	</object>
</annotation>
