<annotation>
	<folder>Input</folder>
	<filename>366.jpg</filename>
	<path>/home/user/Desktop/Annotation/Input/366.jpg</path>
	<source>
		<database>Unknown</database>
	</source>
	<size>
		<width>2456</width>
		<height>2156</height>
		<depth>3</depth>
	</size>
	<segmented>0</segmented>
	<object>
		<name>arena</name>
		<pose>Unspecified</pose>
		<truncated>0</truncated>
		<difficult>0</difficult>
		<bndbox>
			<xmin>43</xmin>
			<ymin>391</ymin>
			<xmax>2378</xmax>
			<ymax>1698</ymax>
		</bndbox>
	</object>
	<object>
		<name>bot</name>
		<pose>Unspecified</pose>
		<truncated>0</truncated>
		<difficult>0</difficult>
		<bndbox>
			<xmin>960</xmin>
			<ymin>381</ymin>
			<xmax>1064</xmax>
			<ymax>481</ymax>
		</bndbox>
	</object>
	<object>
		<name>bot</name>
		<pose>Unspecified</pose>
		<truncated>0</truncated>
		<difficult>0</difficult>
		<bndbox>
			<xmin>1091</xmin>
			<ymin>388</ymin>
			<xmax>1188</xmax>
			<ymax>481</ymax>
		</bndbox>
	</object>
	<object>
		<name>bot</name>
		<pose>Unspecified</pose>
		<truncated>0</truncated>
		<difficult>0</difficult>
		<bndbox>
			<xmin>1212</xmin>
			<ymin>385</ymin>
			<xmax>1312</xmax>
			<ymax>481</ymax>
		</bndbox>
	</object>
	<object>
		<name>bot</name>
		<pose>Unspecified</pose>
		<truncated>0</truncated>
		<difficult>0</difficult>
		<bndbox>
			<xmin>1347</xmin>
			<ymin>781</ymin>
			<xmax>1450</xmax>
			<ymax>878</ymax>
		</bndbox>
	</object>
</annotation>
