<annotation>
	<folder>Input</folder>
	<filename>368.jpg</filename>
	<path>/home/user/Desktop/Annotation/Input/368.jpg</path>
	<source>
		<database>Unknown</database>
	</source>
	<size>
		<width>2472</width>
		<height>2228</height>
		<depth>3</depth>
	</size>
	<segmented>0</segmented>
	<object>
		<name>arena</name>
		<pose>Unspecified</pose>
		<truncated>1</truncated>
		<difficult>0</difficult>
		<bndbox>
			<xmin>63</xmin>
			<ymin>406</ymin>
			<xmax>2472</xmax>
			<ymax>1749</ymax>
		</bndbox>
	</object>
	<object>
		<name>bot</name>
		<pose>Unspecified</pose>
		<truncated>0</truncated>
		<difficult>0</difficult>
		<bndbox>
			<xmin>1013</xmin>
			<ymin>396</ymin>
			<xmax>1127</xmax>
			<ymax>503</ymax>
		</bndbox>
	</object>
	<object>
		<name>bot</name>
		<pose>Unspecified</pose>
		<truncated>0</truncated>
		<difficult>0</difficult>
		<bndbox>
			<xmin>1152</xmin>
			<ymin>399</ymin>
			<xmax>1252</xmax>
			<ymax>496</ymax>
		</bndbox>
	</object>
	<object>
		<name>bot</name>
		<pose>Unspecified</pose>
		<truncated>0</truncated>
		<difficult>0</difficult>
		<bndbox>
			<xmin>1277</xmin>
			<ymin>399</ymin>
			<xmax>1380</xmax>
			<ymax>503</ymax>
		</bndbox>
	</object>
	<object>
		<name>bot</name>
		<pose>Unspecified</pose>
		<truncated>0</truncated>
		<difficult>0</difficult>
		<bndbox>
			<xmin>1423</xmin>
			<ymin>1092</ymin>
			<xmax>1530</xmax>
			<ymax>1185</ymax>
		</bndbox>
	</object>
</annotation>
