<annotation>
	<folder>Input</folder>
	<filename>369.jpg</filename>
	<path>/home/user/Desktop/Annotation/Input/369.jpg</path>
	<source>
		<database>Unknown</database>
	</source>
	<size>
		<width>2420</width>
		<height>2192</height>
		<depth>3</depth>
	</size>
	<segmented>0</segmented>
	<object>
		<name>arena</name>
		<pose>Unspecified</pose>
		<truncated>0</truncated>
		<difficult>0</difficult>
		<bndbox>
			<xmin>62</xmin>
			<ymin>403</ymin>
			<xmax>2401</xmax>
			<ymax>1710</ymax>
		</bndbox>
	</object>
	<object>
		<name>bot</name>
		<pose>Unspecified</pose>
		<truncated>0</truncated>
		<difficult>0</difficult>
		<bndbox>
			<xmin>969</xmin>
			<ymin>399</ymin>
			<xmax>1087</xmax>
			<ymax>492</ymax>
		</bndbox>
	</object>
	<object>
		<name>bot</name>
		<pose>Unspecified</pose>
		<truncated>0</truncated>
		<difficult>0</difficult>
		<bndbox>
			<xmin>1104</xmin>
			<ymin>399</ymin>
			<xmax>1201</xmax>
			<ymax>496</ymax>
		</bndbox>
	</object>
	<object>
		<name>bot</name>
		<pose>Unspecified</pose>
		<truncated>0</truncated>
		<difficult>0</difficult>
		<bndbox>
			<xmin>1226</xmin>
			<ymin>403</ymin>
			<xmax>1329</xmax>
			<ymax>496</ymax>
		</bndbox>
	</object>
	<object>
		<name>bot</name>
		<pose>Unspecified</pose>
		<truncated>0</truncated>
		<difficult>0</difficult>
		<bndbox>
			<xmin>1376</xmin>
			<ymin>1210</ymin>
			<xmax>1483</xmax>
			<ymax>1299</ymax>
		</bndbox>
	</object>
</annotation>
