<annotation>
	<folder>Input</folder>
	<filename>370.jpg</filename>
	<path>/home/user/Desktop/Annotation/Input/370.jpg</path>
	<source>
		<database>Unknown</database>
	</source>
	<size>
		<width>2512</width>
		<height>2168</height>
		<depth>3</depth>
	</size>
	<segmented>0</segmented>
	<object>
		<name>arena</name>
		<pose>Unspecified</pose>
		<truncated>0</truncated>
		<difficult>0</difficult>
		<bndbox>
			<xmin>47</xmin>
			<ymin>394</ymin>
			<xmax>2419</xmax>
			<ymax>1711</ymax>
		</bndbox>
	</object>
	<object>
		<name>bot</name>
		<pose>Unspecified</pose>
		<truncated>0</truncated>
		<difficult>0</difficult>
		<bndbox>
			<xmin>992</xmin>
			<ymin>397</ymin>
			<xmax>1095</xmax>
			<ymax>491</ymax>
		</bndbox>
	</object>
	<object>
		<name>bot</name>
		<pose>Unspecified</pose>
		<truncated>0</truncated>
		<difficult>0</difficult>
		<bndbox>
			<xmin>1119</xmin>
			<ymin>391</ymin>
			<xmax>1219</xmax>
			<ymax>484</ymax>
		</bndbox>
	</object>
	<object>
		<name>bot</name>
		<pose>Unspecified</pose>
		<truncated>0</truncated>
		<difficult>0</difficult>
		<bndbox>
			<xmin>1240</xmin>
			<ymin>391</ymin>
			<xmax>1344</xmax>
			<ymax>491</ymax>
		</bndbox>
	</object>
	<object>
		<name>bot</name>
		<pose>Unspecified</pose>
		<truncated>0</truncated>
		<difficult>0</difficult>
		<bndbox>
			<xmin>1378</xmin>
			<ymin>1325</ymin>
			<xmax>1478</xmax>
			<ymax>1422</ymax>
		</bndbox>
	</object>
</annotation>
