<annotation>
	<folder>Input</folder>
	<filename>371.jpg</filename>
	<path>/home/user/Desktop/Annotation/Input/371.jpg</path>
	<source>
		<database>Unknown</database>
	</source>
	<size>
		<width>2528</width>
		<height>2244</height>
		<depth>3</depth>
	</size>
	<segmented>0</segmented>
	<object>
		<name>arena</name>
		<pose>Unspecified</pose>
		<truncated>0</truncated>
		<difficult>0</difficult>
		<bndbox>
			<xmin>48</xmin>
			<ymin>404</ymin>
			<xmax>2505</xmax>
			<ymax>1764</ymax>
		</bndbox>
	</object>
	<object>
		<name>bot</name>
		<pose>Unspecified</pose>
		<truncated>0</truncated>
		<difficult>0</difficult>
		<bndbox>
			<xmin>1030</xmin>
			<ymin>397</ymin>
			<xmax>1137</xmax>
			<ymax>497</ymax>
		</bndbox>
	</object>
	<object>
		<name>bot</name>
		<pose>Unspecified</pose>
		<truncated>0</truncated>
		<difficult>0</difficult>
		<bndbox>
			<xmin>1166</xmin>
			<ymin>393</ymin>
			<xmax>1266</xmax>
			<ymax>500</ymax>
		</bndbox>
	</object>
	<object>
		<name>bot</name>
		<pose>Unspecified</pose>
		<truncated>0</truncated>
		<difficult>0</difficult>
		<bndbox>
			<xmin>1287</xmin>
			<ymin>397</ymin>
			<xmax>1398</xmax>
			<ymax>504</ymax>
		</bndbox>
	</object>
	<object>
		<name>bot</name>
		<pose>Unspecified</pose>
		<truncated>0</truncated>
		<difficult>0</difficult>
		<bndbox>
			<xmin>1430</xmin>
			<ymin>1514</ymin>
			<xmax>1533</xmax>
			<ymax>1614</ymax>
		</bndbox>
	</object>
</annotation>
