<annotation>
	<folder>Input</folder>
	<filename>374.jpg</filename>
	<path>/home/user/Desktop/Annotation/Input/374.jpg</path>
	<source>
		<database>Unknown</database>
	</source>
	<size>
		<width>2524</width>
		<height>2140</height>
		<depth>3</depth>
	</size>
	<segmented>0</segmented>
	<object>
		<name>arena</name>
		<pose>Unspecified</pose>
		<truncated>0</truncated>
		<difficult>0</difficult>
		<bndbox>
			<xmin>74</xmin>
			<ymin>380</ymin>
			<xmax>2405</xmax>
			<ymax>1673</ymax>
		</bndbox>
	</object>
	<object>
		<name>bot</name>
		<pose>Unspecified</pose>
		<truncated>0</truncated>
		<difficult>0</difficult>
		<bndbox>
			<xmin>988</xmin>
			<ymin>377</ymin>
			<xmax>1094</xmax>
			<ymax>473</ymax>
		</bndbox>
	</object>
	<object>
		<name>bot</name>
		<pose>Unspecified</pose>
		<truncated>0</truncated>
		<difficult>0</difficult>
		<bndbox>
			<xmin>1119</xmin>
			<ymin>377</ymin>
			<xmax>1215</xmax>
			<ymax>470</ymax>
		</bndbox>
	</object>
	<object>
		<name>bot</name>
		<pose>Unspecified</pose>
		<truncated>0</truncated>
		<difficult>0</difficult>
		<bndbox>
			<xmin>1239</xmin>
			<ymin>383</ymin>
			<xmax>1336</xmax>
			<ymax>477</ymax>
		</bndbox>
	</object>
	<object>
		<name>bot</name>
		<pose>Unspecified</pose>
		<truncated>0</truncated>
		<difficult>0</difficult>
		<bndbox>
			<xmin>1650</xmin>
			<ymin>1425</ymin>
			<xmax>1757</xmax>
			<ymax>1521</ymax>
		</bndbox>
	</object>
</annotation>
