<annotation>
	<folder>Input</folder>
	<filename>375.jpg</filename>
	<path>/home/user/Desktop/Annotation/Input/375.jpg</path>
	<source>
		<database>Unknown</database>
	</source>
	<size>
		<width>2476</width>
		<height>2056</height>
		<depth>3</depth>
	</size>
	<segmented>0</segmented>
	<object>
		<name>arena</name>
		<pose>Unspecified</pose>
		<truncated>0</truncated>
		<difficult>0</difficult>
		<bndbox>
			<xmin>96</xmin>
			<ymin>337</ymin>
			<xmax>2349</xmax>
			<ymax>1581</ymax>
		</bndbox>
	</object>
	<object>
		<name>bot</name>
		<pose>Unspecified</pose>
		<truncated>0</truncated>
		<difficult>0</difficult>
		<bndbox>
			<xmin>972</xmin>
			<ymin>327</ymin>
			<xmax>1069</xmax>
			<ymax>424</ymax>
		</bndbox>
	</object>
	<object>
		<name>bot</name>
		<pose>Unspecified</pose>
		<truncated>0</truncated>
		<difficult>0</difficult>
		<bndbox>
			<xmin>1092</xmin>
			<ymin>334</ymin>
			<xmax>1182</xmax>
			<ymax>424</ymax>
		</bndbox>
	</object>
	<object>
		<name>bot</name>
		<pose>Unspecified</pose>
		<truncated>0</truncated>
		<difficult>0</difficult>
		<bndbox>
			<xmin>1199</xmin>
			<ymin>334</ymin>
			<xmax>1302</xmax>
			<ymax>421</ymax>
		</bndbox>
	</object>
	<object>
		<name>bot</name>
		<pose>Unspecified</pose>
		<truncated>0</truncated>
		<difficult>0</difficult>
		<bndbox>
			<xmin>1736</xmin>
			<ymin>1337</ymin>
			<xmax>1846</xmax>
			<ymax>1434</ymax>
		</bndbox>
	</object>
</annotation>
