<annotation>
	<folder>Input</folder>
	<filename>377.jpg</filename>
	<path>/home/user/Desktop/Annotation/Input/377.jpg</path>
	<source>
		<database>Unknown</database>
	</source>
	<size>
		<width>2464</width>
		<height>2184</height>
		<depth>3</depth>
	</size>
	<segmented>0</segmented>
	<object>
		<name>arena</name>
		<pose>Unspecified</pose>
		<truncated>1</truncated>
		<difficult>0</difficult>
		<bndbox>
			<xmin>51</xmin>
			<ymin>388</ymin>
			<xmax>2464</xmax>
			<ymax>1702</ymax>
		</bndbox>
	</object>
	<object>
		<name>bot</name>
		<pose>Unspecified</pose>
		<truncated>0</truncated>
		<difficult>0</difficult>
		<bndbox>
			<xmin>991</xmin>
			<ymin>377</ymin>
			<xmax>1098</xmax>
			<ymax>477</ymax>
		</bndbox>
	</object>
	<object>
		<name>bot</name>
		<pose>Unspecified</pose>
		<truncated>0</truncated>
		<difficult>0</difficult>
		<bndbox>
			<xmin>1126</xmin>
			<ymin>370</ymin>
			<xmax>1223</xmax>
			<ymax>474</ymax>
		</bndbox>
	</object>
	<object>
		<name>bot</name>
		<pose>Unspecified</pose>
		<truncated>0</truncated>
		<difficult>0</difficult>
		<bndbox>
			<xmin>1248</xmin>
			<ymin>377</ymin>
			<xmax>1348</xmax>
			<ymax>477</ymax>
		</bndbox>
	</object>
	<object>
		<name>bot</name>
		<pose>Unspecified</pose>
		<truncated>0</truncated>
		<difficult>0</difficult>
		<bndbox>
			<xmin>2109</xmin>
			<ymin>1456</ymin>
			<xmax>2226</xmax>
			<ymax>1559</ymax>
		</bndbox>
	</object>
</annotation>
