<annotation>
	<folder>Input</folder>
	<filename>379.jpg</filename>
	<path>/home/user/Desktop/Annotation/Input/379.jpg</path>
	<source>
		<database>Unknown</database>
	</source>
	<size>
		<width>2536</width>
		<height>2076</height>
		<depth>3</depth>
	</size>
	<segmented>0</segmented>
	<object>
		<name>arena</name>
		<pose>Unspecified</pose>
		<truncated>0</truncated>
		<difficult>0</difficult>
		<bndbox>
			<xmin>62</xmin>
			<ymin>371</ymin>
			<xmax>2379</xmax>
			<ymax>1624</ymax>
		</bndbox>
	</object>
	<object>
		<name>bot</name>
		<pose>Unspecified</pose>
		<truncated>0</truncated>
		<difficult>0</difficult>
		<bndbox>
			<xmin>969</xmin>
			<ymin>364</ymin>
			<xmax>1072</xmax>
			<ymax>457</ymax>
		</bndbox>
	</object>
	<object>
		<name>bot</name>
		<pose>Unspecified</pose>
		<truncated>0</truncated>
		<difficult>0</difficult>
		<bndbox>
			<xmin>1096</xmin>
			<ymin>367</ymin>
			<xmax>1189</xmax>
			<ymax>461</ymax>
		</bndbox>
	</object>
	<object>
		<name>bot</name>
		<pose>Unspecified</pose>
		<truncated>0</truncated>
		<difficult>0</difficult>
		<bndbox>
			<xmin>1209</xmin>
			<ymin>367</ymin>
			<xmax>1309</xmax>
			<ymax>464</ymax>
		</bndbox>
	</object>
	<object>
		<name>bot</name>
		<pose>Unspecified</pose>
		<truncated>0</truncated>
		<difficult>0</difficult>
		<bndbox>
			<xmin>2276</xmin>
			<ymin>1387</ymin>
			<xmax>2376</xmax>
			<ymax>1484</ymax>
		</bndbox>
	</object>
</annotation>
