<annotation>
	<folder>input</folder>
	<filename>38.jpg</filename>
	<path>C:\Users\Swetha\Desktop\annotation\input\38.jpg</path>
	<source>
		<database>Unknown</database>
	</source>
	<size>
		<width>2516</width>
		<height>2152</height>
		<depth>3</depth>
	</size>
	<segmented>0</segmented>
	<object>
		<name>arena</name>
		<pose>Unspecified</pose>
		<truncated>0</truncated>
		<difficult>0</difficult>
		<bndbox>
			<xmin>9</xmin>
			<ymin>387</ymin>
			<xmax>2391</xmax>
			<ymax>1734</ymax>
		</bndbox>
	</object>
	<object>
		<name>bot</name>
		<pose>Unspecified</pose>
		<truncated>0</truncated>
		<difficult>0</difficult>
		<bndbox>
			<xmin>979</xmin>
			<ymin>387</ymin>
			<xmax>1077</xmax>
			<ymax>498</ymax>
		</bndbox>
	</object>
	<object>
		<name>bot</name>
		<pose>Unspecified</pose>
		<truncated>0</truncated>
		<difficult>0</difficult>
		<bndbox>
			<xmin>1104</xmin>
			<ymin>393</ymin>
			<xmax>1207</xmax>
			<ymax>491</ymax>
		</bndbox>
	</object>
	<object>
		<name>bot</name>
		<pose>Unspecified</pose>
		<truncated>0</truncated>
		<difficult>0</difficult>
		<bndbox>
			<xmin>1373</xmin>
			<ymin>407</ymin>
			<xmax>1479</xmax>
			<ymax>496</ymax>
		</bndbox>
	</object>
	<object>
		<name>bot</name>
		<pose>Unspecified</pose>
		<truncated>0</truncated>
		<difficult>0</difficult>
		<bndbox>
			<xmin>1213</xmin>
			<ymin>1082</ymin>
			<xmax>1316</xmax>
			<ymax>1173</ymax>
		</bndbox>
	</object>
</annotation>
