<annotation>
	<folder>Input</folder>
	<filename>385.jpg</filename>
	<path>/home/user/Desktop/Annotation/Input/385.jpg</path>
	<source>
		<database>Unknown</database>
	</source>
	<size>
		<width>4000</width>
		<height>3000</height>
		<depth>3</depth>
	</size>
	<segmented>0</segmented>
	<object>
		<name>arena</name>
		<pose>Unspecified</pose>
		<truncated>0</truncated>
		<difficult>0</difficult>
		<bndbox>
			<xmin>564</xmin>
			<ymin>866</ymin>
			<xmax>3521</xmax>
			<ymax>2543</ymax>
		</bndbox>
	</object>
	<object>
		<name>bot</name>
		<pose>Unspecified</pose>
		<truncated>0</truncated>
		<difficult>0</difficult>
		<bndbox>
			<xmin>1730</xmin>
			<ymin>1257</ymin>
			<xmax>1863</xmax>
			<ymax>1385</ymax>
		</bndbox>
	</object>
	<object>
		<name>bot</name>
		<pose>Unspecified</pose>
		<truncated>0</truncated>
		<difficult>0</difficult>
		<bndbox>
			<xmin>2720</xmin>
			<ymin>1071</ymin>
			<xmax>2854</xmax>
			<ymax>1200</ymax>
		</bndbox>
	</object>
	<object>
		<name>bot</name>
		<pose>Unspecified</pose>
		<truncated>0</truncated>
		<difficult>0</difficult>
		<bndbox>
			<xmin>2063</xmin>
			<ymin>1590</ymin>
			<xmax>2178</xmax>
			<ymax>1705</ymax>
		</bndbox>
	</object>
	<object>
		<name>bot</name>
		<pose>Unspecified</pose>
		<truncated>0</truncated>
		<difficult>0</difficult>
		<bndbox>
			<xmin>1920</xmin>
			<ymin>2081</ymin>
			<xmax>2044</xmax>
			<ymax>2219</ymax>
		</bndbox>
	</object>
</annotation>
