<annotation>
	<folder>input</folder>
	<filename>39.jpg</filename>
	<path>C:\Users\Swetha\Desktop\annotation\input\39.jpg</path>
	<source>
		<database>Unknown</database>
	</source>
	<size>
		<width>2432</width>
		<height>2180</height>
		<depth>3</depth>
	</size>
	<segmented>0</segmented>
	<object>
		<name>arena</name>
		<pose>Unspecified</pose>
		<truncated>0</truncated>
		<difficult>0</difficult>
		<bndbox>
			<xmin>40</xmin>
			<ymin>406</ymin>
			<xmax>2405</xmax>
			<ymax>1699</ymax>
		</bndbox>
	</object>
	<object>
		<name>bot</name>
		<pose>Unspecified</pose>
		<truncated>0</truncated>
		<difficult>0</difficult>
		<bndbox>
			<xmin>1224</xmin>
			<ymin>1199</ymin>
			<xmax>1335</xmax>
			<ymax>1296</ymax>
		</bndbox>
	</object>
	<object>
		<name>bot</name>
		<pose>Unspecified</pose>
		<truncated>0</truncated>
		<difficult>0</difficult>
		<bndbox>
			<xmin>987</xmin>
			<ymin>394</ymin>
			<xmax>1084</xmax>
			<ymax>501</ymax>
		</bndbox>
	</object>
	<object>
		<name>bot</name>
		<pose>Unspecified</pose>
		<truncated>0</truncated>
		<difficult>0</difficult>
		<bndbox>
			<xmin>1112</xmin>
			<ymin>401</ymin>
			<xmax>1205</xmax>
			<ymax>489</ymax>
		</bndbox>
	</object>
	<object>
		<name>bot</name>
		<pose>Unspecified</pose>
		<truncated>0</truncated>
		<difficult>0</difficult>
		<bndbox>
			<xmin>1377</xmin>
			<ymin>399</ymin>
			<xmax>1487</xmax>
			<ymax>501</ymax>
		</bndbox>
	</object>
</annotation>
