<annotation>
	<folder>Input</folder>
	<filename>393.jpg</filename>
	<path>/home/user/Desktop/Annotation/Input/393.jpg</path>
	<source>
		<database>Unknown</database>
	</source>
	<size>
		<width>4000</width>
		<height>3000</height>
		<depth>3</depth>
	</size>
	<segmented>0</segmented>
	<object>
		<name>arena</name>
		<pose>Unspecified</pose>
		<truncated>0</truncated>
		<difficult>0</difficult>
		<bndbox>
			<xmin>387</xmin>
			<ymin>671</ymin>
			<xmax>3511</xmax>
			<ymax>2533</ymax>
		</bndbox>
	</object>
	<object>
		<name>bot</name>
		<pose>Unspecified</pose>
		<truncated>0</truncated>
		<difficult>0</difficult>
		<bndbox>
			<xmin>744</xmin>
			<ymin>1043</ymin>
			<xmax>873</xmax>
			<ymax>1205</ymax>
		</bndbox>
	</object>
	<object>
		<name>bot</name>
		<pose>Unspecified</pose>
		<truncated>0</truncated>
		<difficult>0</difficult>
		<bndbox>
			<xmin>2797</xmin>
			<ymin>714</ymin>
			<xmax>2959</xmax>
			<ymax>890</ymax>
		</bndbox>
	</object>
	<object>
		<name>bot</name>
		<pose>Unspecified</pose>
		<truncated>0</truncated>
		<difficult>0</difficult>
		<bndbox>
			<xmin>1840</xmin>
			<ymin>1862</ymin>
			<xmax>1963</xmax>
			<ymax>1976</ymax>
		</bndbox>
	</object>
	<object>
		<name>bot</name>
		<pose>Unspecified</pose>
		<truncated>0</truncated>
		<difficult>0</difficult>
		<bndbox>
			<xmin>3154</xmin>
			<ymin>909</ymin>
			<xmax>3320</xmax>
			<ymax>1076</ymax>
		</bndbox>
	</object>
</annotation>
