<annotation>
	<folder>input</folder>
	<filename>4.jpg</filename>
	<path>C:\Users\Swetha\Desktop\annotation\input\4.jpg</path>
	<source>
		<database>Unknown</database>
	</source>
	<size>
		<width>2428</width>
		<height>2156</height>
		<depth>3</depth>
	</size>
	<segmented>0</segmented>
	<object>
		<name>arena</name>
		<pose>Unspecified</pose>
		<truncated>0</truncated>
		<difficult>0</difficult>
		<bndbox>
			<xmin>87</xmin>
			<ymin>398</ymin>
			<xmax>2389</xmax>
			<ymax>1684</ymax>
		</bndbox>
	</object>
	<object>
		<name>bot</name>
		<pose>Unspecified</pose>
		<truncated>0</truncated>
		<difficult>0</difficult>
		<bndbox>
			<xmin>980</xmin>
			<ymin>808</ymin>
			<xmax>1075</xmax>
			<ymax>898</ymax>
		</bndbox>
	</object>
	<object>
		<name>bot</name>
		<pose>Unspecified</pose>
		<truncated>0</truncated>
		<difficult>0</difficult>
		<bndbox>
			<xmin>1115</xmin>
			<ymin>396</ymin>
			<xmax>1217</xmax>
			<ymax>496</ymax>
		</bndbox>
	</object>
	<object>
		<name>bot</name>
		<pose>Unspecified</pose>
		<truncated>0</truncated>
		<difficult>0</difficult>
		<bndbox>
			<xmin>1250</xmin>
			<ymin>394</ymin>
			<xmax>1354</xmax>
			<ymax>487</ymax>
		</bndbox>
	</object>
	<object>
		<name>bot</name>
		<pose>Unspecified</pose>
		<truncated>0</truncated>
		<difficult>0</difficult>
		<bndbox>
			<xmin>1373</xmin>
			<ymin>403</ymin>
			<xmax>1478</xmax>
			<ymax>491</ymax>
		</bndbox>
	</object>
</annotation>
