<annotation>
	<folder>input</folder>
	<filename>40.jpg</filename>
	<path>C:\Users\Swetha\Desktop\annotation\input\40.jpg</path>
	<source>
		<database>Unknown</database>
	</source>
	<size>
		<width>2440</width>
		<height>2200</height>
		<depth>3</depth>
	</size>
	<segmented>0</segmented>
	<object>
		<name>arena</name>
		<pose>Unspecified</pose>
		<truncated>0</truncated>
		<difficult>0</difficult>
		<bndbox>
			<xmin>77</xmin>
			<ymin>411</ymin>
			<xmax>2421</xmax>
			<ymax>1723</ymax>
		</bndbox>
	</object>
	<object>
		<name>bot</name>
		<pose>Unspecified</pose>
		<truncated>0</truncated>
		<difficult>0</difficult>
		<bndbox>
			<xmin>1009</xmin>
			<ymin>395</ymin>
			<xmax>1107</xmax>
			<ymax>509</ymax>
		</bndbox>
	</object>
	<object>
		<name>bot</name>
		<pose>Unspecified</pose>
		<truncated>0</truncated>
		<difficult>0</difficult>
		<bndbox>
			<xmin>1135</xmin>
			<ymin>397</ymin>
			<xmax>1237</xmax>
			<ymax>499</ymax>
		</bndbox>
	</object>
	<object>
		<name>bot</name>
		<pose>Unspecified</pose>
		<truncated>0</truncated>
		<difficult>0</difficult>
		<bndbox>
			<xmin>1407</xmin>
			<ymin>413</ymin>
			<xmax>1514</xmax>
			<ymax>502</ymax>
		</bndbox>
	</object>
	<object>
		<name>bot</name>
		<pose>Unspecified</pose>
		<truncated>0</truncated>
		<difficult>0</difficult>
		<bndbox>
			<xmin>1249</xmin>
			<ymin>1355</ymin>
			<xmax>1363</xmax>
			<ymax>1455</ymax>
		</bndbox>
	</object>
</annotation>
