<annotation>
	<folder>Input</folder>
	<filename>401.jpg</filename>
	<path>/home/user/Desktop/Annotation/Input/401.jpg</path>
	<source>
		<database>Unknown</database>
	</source>
	<size>
		<width>4000</width>
		<height>3000</height>
		<depth>3</depth>
	</size>
	<segmented>0</segmented>
	<object>
		<name>arena</name>
		<pose>Unspecified</pose>
		<truncated>0</truncated>
		<difficult>0</difficult>
		<bndbox>
			<xmin>540</xmin>
			<ymin>905</ymin>
			<xmax>3897</xmax>
			<ymax>2881</ymax>
		</bndbox>
	</object>
	<object>
		<name>bot</name>
		<pose>Unspecified</pose>
		<truncated>0</truncated>
		<difficult>0</difficult>
		<bndbox>
			<xmin>701</xmin>
			<ymin>1062</ymin>
			<xmax>849</xmax>
			<ymax>1214</ymax>
		</bndbox>
	</object>
	<object>
		<name>bot</name>
		<pose>Unspecified</pose>
		<truncated>0</truncated>
		<difficult>0</difficult>
		<bndbox>
			<xmin>706</xmin>
			<ymin>1271</ymin>
			<xmax>854</xmax>
			<ymax>1419</ymax>
		</bndbox>
	</object>
	<object>
		<name>bot</name>
		<pose>Unspecified</pose>
		<truncated>0</truncated>
		<difficult>0</difficult>
		<bndbox>
			<xmin>3492</xmin>
			<ymin>943</ymin>
			<xmax>3668</xmax>
			<ymax>1090</ymax>
		</bndbox>
	</object>
	<object>
		<name>bot</name>
		<pose>Unspecified</pose>
		<truncated>0</truncated>
		<difficult>0</difficult>
		<bndbox>
			<xmin>3520</xmin>
			<ymin>1162</ymin>
			<xmax>3692</xmax>
			<ymax>1314</ymax>
		</bndbox>
	</object>
</annotation>
