<annotation>
	<folder>Input</folder>
	<filename>402.jpg</filename>
	<path>/home/user/Desktop/Annotation/Input/402.jpg</path>
	<source>
		<database>Unknown</database>
	</source>
	<size>
		<width>4000</width>
		<height>3000</height>
		<depth>3</depth>
	</size>
	<segmented>0</segmented>
	<object>
		<name>arena</name>
		<pose>Unspecified</pose>
		<truncated>0</truncated>
		<difficult>0</difficult>
		<bndbox>
			<xmin>278</xmin>
			<ymin>866</ymin>
			<xmax>3630</xmax>
			<ymax>2790</ymax>
		</bndbox>
	</object>
	<object>
		<name>bot</name>
		<pose>Unspecified</pose>
		<truncated>0</truncated>
		<difficult>0</difficult>
		<bndbox>
			<xmin>630</xmin>
			<ymin>1024</ymin>
			<xmax>778</xmax>
			<ymax>1200</ymax>
		</bndbox>
	</object>
	<object>
		<name>bot</name>
		<pose>Unspecified</pose>
		<truncated>0</truncated>
		<difficult>0</difficult>
		<bndbox>
			<xmin>449</xmin>
			<ymin>1243</ymin>
			<xmax>597</xmax>
			<ymax>1385</ymax>
		</bndbox>
	</object>
	<object>
		<name>bot</name>
		<pose>Unspecified</pose>
		<truncated>0</truncated>
		<difficult>0</difficult>
		<bndbox>
			<xmin>3011</xmin>
			<ymin>919</ymin>
			<xmax>3187</xmax>
			<ymax>1076</ymax>
		</bndbox>
	</object>
	<object>
		<name>bot</name>
		<pose>Unspecified</pose>
		<truncated>0</truncated>
		<difficult>0</difficult>
		<bndbox>
			<xmin>3211</xmin>
			<ymin>1119</ymin>
			<xmax>3382</xmax>
			<ymax>1271</ymax>
		</bndbox>
	</object>
</annotation>
