<annotation>
	<folder>Input</folder>
	<filename>403.jpg</filename>
	<path>/home/user/Desktop/Annotation/Input/403.jpg</path>
	<source>
		<database>Unknown</database>
	</source>
	<size>
		<width>4000</width>
		<height>3000</height>
		<depth>3</depth>
	</size>
	<segmented>0</segmented>
	<object>
		<name>arena</name>
		<pose>Unspecified</pose>
		<truncated>0</truncated>
		<difficult>0</difficult>
		<bndbox>
			<xmin>387</xmin>
			<ymin>885</ymin>
			<xmax>3620</xmax>
			<ymax>2724</ymax>
		</bndbox>
	</object>
	<object>
		<name>bot</name>
		<pose>Unspecified</pose>
		<truncated>0</truncated>
		<difficult>0</difficult>
		<bndbox>
			<xmin>716</xmin>
			<ymin>976</ymin>
			<xmax>849</xmax>
			<ymax>1119</ymax>
		</bndbox>
	</object>
	<object>
		<name>bot</name>
		<pose>Unspecified</pose>
		<truncated>0</truncated>
		<difficult>0</difficult>
		<bndbox>
			<xmin>3049</xmin>
			<ymin>933</ymin>
			<xmax>3220</xmax>
			<ymax>1076</ymax>
		</bndbox>
	</object>
	<object>
		<name>bot</name>
		<pose>Unspecified</pose>
		<truncated>0</truncated>
		<difficult>0</difficult>
		<bndbox>
			<xmin>868</xmin>
			<ymin>1133</ymin>
			<xmax>1011</xmax>
			<ymax>1271</ymax>
		</bndbox>
	</object>
	<object>
		<name>bot</name>
		<pose>Unspecified</pose>
		<truncated>0</truncated>
		<difficult>0</difficult>
		<bndbox>
			<xmin>2854</xmin>
			<ymin>1095</ymin>
			<xmax>3011</xmax>
			<ymax>1247</ymax>
		</bndbox>
	</object>
</annotation>
