<annotation>
	<folder>Input</folder>
	<filename>404.jpg</filename>
	<path>/home/user/Desktop/Annotation/Input/404.jpg</path>
	<source>
		<database>Unknown</database>
	</source>
	<size>
		<width>4000</width>
		<height>3000</height>
		<depth>3</depth>
	</size>
	<segmented>0</segmented>
	<object>
		<name>arena</name>
		<pose>Unspecified</pose>
		<truncated>0</truncated>
		<difficult>0</difficult>
		<bndbox>
			<xmin>201</xmin>
			<ymin>819</ymin>
			<xmax>3597</xmax>
			<ymax>2743</ymax>
		</bndbox>
	</object>
	<object>
		<name>bot</name>
		<pose>Unspecified</pose>
		<truncated>0</truncated>
		<difficult>0</difficult>
		<bndbox>
			<xmin>368</xmin>
			<ymin>928</ymin>
			<xmax>492</xmax>
			<ymax>1076</ymax>
		</bndbox>
	</object>
	<object>
		<name>bot</name>
		<pose>Unspecified</pose>
		<truncated>0</truncated>
		<difficult>0</difficult>
		<bndbox>
			<xmin>716</xmin>
			<ymin>1085</ymin>
			<xmax>859</xmax>
			<ymax>1185</ymax>
		</bndbox>
	</object>
	<object>
		<name>bot</name>
		<pose>Unspecified</pose>
		<truncated>0</truncated>
		<difficult>0</difficult>
		<bndbox>
			<xmin>2425</xmin>
			<ymin>857</ymin>
			<xmax>2573</xmax>
			<ymax>1028</ymax>
		</bndbox>
	</object>
	<object>
		<name>bot</name>
		<pose>Unspecified</pose>
		<truncated>0</truncated>
		<difficult>0</difficult>
		<bndbox>
			<xmin>2835</xmin>
			<ymin>1047</ymin>
			<xmax>2982</xmax>
			<ymax>1214</ymax>
		</bndbox>
	</object>
</annotation>
