<annotation>
	<folder>Input</folder>
	<filename>406.jpg</filename>
	<path>/home/user/Desktop/Annotation/Input/406.jpg</path>
	<source>
		<database>Unknown</database>
	</source>
	<size>
		<width>2436</width>
		<height>2116</height>
		<depth>3</depth>
	</size>
	<segmented>0</segmented>
	<object>
		<name>arena</name>
		<pose>Unspecified</pose>
		<truncated>0</truncated>
		<difficult>0</difficult>
		<bndbox>
			<xmin>71</xmin>
			<ymin>385</ymin>
			<xmax>2313</xmax>
			<ymax>1668</ymax>
		</bndbox>
	</object>
	<object>
		<name>bot</name>
		<pose>Unspecified</pose>
		<truncated>0</truncated>
		<difficult>0</difficult>
		<bndbox>
			<xmin>1092</xmin>
			<ymin>389</ymin>
			<xmax>1188</xmax>
			<ymax>492</ymax>
		</bndbox>
	</object>
	<object>
		<name>bot</name>
		<pose>Unspecified</pose>
		<truncated>0</truncated>
		<difficult>0</difficult>
		<bndbox>
			<xmin>1223</xmin>
			<ymin>385</ymin>
			<xmax>1323</xmax>
			<ymax>485</ymax>
		</bndbox>
	</object>
	<object>
		<name>bot</name>
		<pose>Unspecified</pose>
		<truncated>0</truncated>
		<difficult>0</difficult>
		<bndbox>
			<xmin>1340</xmin>
			<ymin>385</ymin>
			<xmax>1444</xmax>
			<ymax>482</ymax>
		</bndbox>
	</object>
	<object>
		<name>bot</name>
		<pose>Unspecified</pose>
		<truncated>0</truncated>
		<difficult>0</difficult>
		<bndbox>
			<xmin>947</xmin>
			<ymin>1434</ymin>
			<xmax>1037</xmax>
			<ymax>1534</ymax>
		</bndbox>
	</object>
</annotation>
