<annotation>
	<folder>input</folder>
	<filename>41.jpg</filename>
	<path>C:\Users\Swetha\Desktop\annotation\input\41.jpg</path>
	<source>
		<database>Unknown</database>
	</source>
	<size>
		<width>2460</width>
		<height>2216</height>
		<depth>3</depth>
	</size>
	<segmented>0</segmented>
	<object>
		<name>arena</name>
		<pose>Unspecified</pose>
		<truncated>0</truncated>
		<difficult>0</difficult>
		<bndbox>
			<xmin>85</xmin>
			<ymin>410</ymin>
			<xmax>2450</xmax>
			<ymax>1743</ymax>
		</bndbox>
	</object>
	<object>
		<name>bot</name>
		<pose>Unspecified</pose>
		<truncated>0</truncated>
		<difficult>0</difficult>
		<bndbox>
			<xmin>1019</xmin>
			<ymin>400</ymin>
			<xmax>1119</xmax>
			<ymax>505</ymax>
		</bndbox>
	</object>
	<object>
		<name>bot</name>
		<pose>Unspecified</pose>
		<truncated>0</truncated>
		<difficult>0</difficult>
		<bndbox>
			<xmin>1414</xmin>
			<ymin>408</ymin>
			<xmax>1521</xmax>
			<ymax>503</ymax>
		</bndbox>
	</object>
	<object>
		<name>bot</name>
		<pose>Unspecified</pose>
		<truncated>0</truncated>
		<difficult>0</difficult>
		<bndbox>
			<xmin>1145</xmin>
			<ymin>400</ymin>
			<xmax>1245</xmax>
			<ymax>500</ymax>
		</bndbox>
	</object>
	<object>
		<name>bot</name>
		<pose>Unspecified</pose>
		<truncated>0</truncated>
		<difficult>0</difficult>
		<bndbox>
			<xmin>1285</xmin>
			<ymin>1493</ymin>
			<xmax>1397</xmax>
			<ymax>1596</ymax>
		</bndbox>
	</object>
</annotation>
