<annotation>
	<folder>input</folder>
	<filename>42.jpg</filename>
	<path>C:\Users\Swetha\Desktop\annotation\input\42.jpg</path>
	<source>
		<database>Unknown</database>
	</source>
	<size>
		<width>2460</width>
		<height>2224</height>
		<depth>3</depth>
	</size>
	<segmented>0</segmented>
	<object>
		<name>arena</name>
		<pose>Unspecified</pose>
		<truncated>0</truncated>
		<difficult>0</difficult>
		<bndbox>
			<xmin>76</xmin>
			<ymin>416</ymin>
			<xmax>2445</xmax>
			<ymax>1743</ymax>
		</bndbox>
	</object>
	<object>
		<name>bot</name>
		<pose>Unspecified</pose>
		<truncated>0</truncated>
		<difficult>0</difficult>
		<bndbox>
			<xmin>1281</xmin>
			<ymin>1631</ymin>
			<xmax>1393</xmax>
			<ymax>1738</ymax>
		</bndbox>
	</object>
	<object>
		<name>bot</name>
		<pose>Unspecified</pose>
		<truncated>0</truncated>
		<difficult>0</difficult>
		<bndbox>
			<xmin>1000</xmin>
			<ymin>400</ymin>
			<xmax>1095</xmax>
			<ymax>512</ymax>
		</bndbox>
	</object>
	<object>
		<name>bot</name>
		<pose>Unspecified</pose>
		<truncated>0</truncated>
		<difficult>0</difficult>
		<bndbox>
			<xmin>1123</xmin>
			<ymin>404</ymin>
			<xmax>1228</xmax>
			<ymax>514</ymax>
		</bndbox>
	</object>
	<object>
		<name>bot</name>
		<pose>Unspecified</pose>
		<truncated>0</truncated>
		<difficult>0</difficult>
		<bndbox>
			<xmin>1402</xmin>
			<ymin>414</ymin>
			<xmax>1514</xmax>
			<ymax>512</ymax>
		</bndbox>
	</object>
</annotation>
