<annotation>
	<folder>input</folder>
	<filename>43.jpg</filename>
	<path>C:\Users\Swetha\Desktop\annotation\input\43.jpg</path>
	<source>
		<database>Unknown</database>
	</source>
	<size>
		<width>2520</width>
		<height>2284</height>
		<depth>3</depth>
	</size>
	<segmented>0</segmented>
	<object>
		<name>arena</name>
		<pose>Unspecified</pose>
		<truncated>0</truncated>
		<difficult>0</difficult>
		<bndbox>
			<xmin>31</xmin>
			<ymin>426</ymin>
			<xmax>2519</xmax>
			<ymax>1787</ymax>
		</bndbox>
	</object>
	<object>
		<name>bot</name>
		<pose>Unspecified</pose>
		<truncated>0</truncated>
		<difficult>0</difficult>
		<bndbox>
			<xmin>1429</xmin>
			<ymin>1687</ymin>
			<xmax>1551</xmax>
			<ymax>1783</ymax>
		</bndbox>
	</object>
	<object>
		<name>bot</name>
		<pose>Unspecified</pose>
		<truncated>0</truncated>
		<difficult>0</difficult>
		<bndbox>
			<xmin>992</xmin>
			<ymin>402</ymin>
			<xmax>1104</xmax>
			<ymax>519</ymax>
		</bndbox>
	</object>
	<object>
		<name>bot</name>
		<pose>Unspecified</pose>
		<truncated>0</truncated>
		<difficult>0</difficult>
		<bndbox>
			<xmin>1129</xmin>
			<ymin>402</ymin>
			<xmax>1241</xmax>
			<ymax>517</ymax>
		</bndbox>
	</object>
	<object>
		<name>bot</name>
		<pose>Unspecified</pose>
		<truncated>0</truncated>
		<difficult>0</difficult>
		<bndbox>
			<xmin>1414</xmin>
			<ymin>414</ymin>
			<xmax>1531</xmax>
			<ymax>514</ymax>
		</bndbox>
	</object>
</annotation>
