<annotation>
	<folder>input</folder>
	<filename>44.jpg</filename>
	<path>C:\Users\Swetha\Desktop\annotation\input\44.jpg</path>
	<source>
		<database>Unknown</database>
	</source>
	<size>
		<width>2516</width>
		<height>2168</height>
		<depth>3</depth>
	</size>
	<segmented>0</segmented>
	<object>
		<name>arena</name>
		<pose>Unspecified</pose>
		<truncated>0</truncated>
		<difficult>0</difficult>
		<bndbox>
			<xmin>84</xmin>
			<ymin>386</ymin>
			<xmax>2473</xmax>
			<ymax>1681</ymax>
		</bndbox>
	</object>
	<object>
		<name>bot</name>
		<pose>Unspecified</pose>
		<truncated>0</truncated>
		<difficult>0</difficult>
		<bndbox>
			<xmin>1568</xmin>
			<ymin>1586</ymin>
			<xmax>1675</xmax>
			<ymax>1683</ymax>
		</bndbox>
	</object>
	<object>
		<name>bot</name>
		<pose>Unspecified</pose>
		<truncated>0</truncated>
		<difficult>0</difficult>
		<bndbox>
			<xmin>998</xmin>
			<ymin>369</ymin>
			<xmax>1103</xmax>
			<ymax>472</ymax>
		</bndbox>
	</object>
	<object>
		<name>bot</name>
		<pose>Unspecified</pose>
		<truncated>0</truncated>
		<difficult>0</difficult>
		<bndbox>
			<xmin>1138</xmin>
			<ymin>372</ymin>
			<xmax>1233</xmax>
			<ymax>469</ymax>
		</bndbox>
	</object>
	<object>
		<name>bot</name>
		<pose>Unspecified</pose>
		<truncated>0</truncated>
		<difficult>0</difficult>
		<bndbox>
			<xmin>1396</xmin>
			<ymin>374</ymin>
			<xmax>1508</xmax>
			<ymax>472</ymax>
		</bndbox>
	</object>
</annotation>
