<annotation>
	<folder>input</folder>
	<filename>45.jpg</filename>
	<path>C:\Users\Swetha\Desktop\annotation\input\45.jpg</path>
	<source>
		<database>Unknown</database>
	</source>
	<size>
		<width>2532</width>
		<height>2240</height>
		<depth>3</depth>
	</size>
	<segmented>0</segmented>
	<object>
		<name>arena</name>
		<pose>Unspecified</pose>
		<truncated>0</truncated>
		<difficult>0</difficult>
		<bndbox>
			<xmin>31</xmin>
			<ymin>403</ymin>
			<xmax>2481</xmax>
			<ymax>1751</ymax>
		</bndbox>
	</object>
	<object>
		<name>bot</name>
		<pose>Unspecified</pose>
		<truncated>0</truncated>
		<difficult>0</difficult>
		<bndbox>
			<xmin>1007</xmin>
			<ymin>403</ymin>
			<xmax>1112</xmax>
			<ymax>505</ymax>
		</bndbox>
	</object>
	<object>
		<name>bot</name>
		<pose>Unspecified</pose>
		<truncated>0</truncated>
		<difficult>0</difficult>
		<bndbox>
			<xmin>1138</xmin>
			<ymin>403</ymin>
			<xmax>1236</xmax>
			<ymax>496</ymax>
		</bndbox>
	</object>
	<object>
		<name>bot</name>
		<pose>Unspecified</pose>
		<truncated>0</truncated>
		<difficult>0</difficult>
		<bndbox>
			<xmin>1414</xmin>
			<ymin>410</ymin>
			<xmax>1526</xmax>
			<ymax>501</ymax>
		</bndbox>
	</object>
	<object>
		<name>bot</name>
		<pose>Unspecified</pose>
		<truncated>0</truncated>
		<difficult>0</difficult>
		<bndbox>
			<xmin>1693</xmin>
			<ymin>1639</ymin>
			<xmax>1802</xmax>
			<ymax>1739</ymax>
		</bndbox>
	</object>
</annotation>
