<annotation>
	<folder>input</folder>
	<filename>46.jpg</filename>
	<path>C:\Users\Swetha\Desktop\annotation\input\46.jpg</path>
	<source>
		<database>Unknown</database>
	</source>
	<size>
		<width>2492</width>
		<height>2220</height>
		<depth>3</depth>
	</size>
	<segmented>0</segmented>
	<object>
		<name>arena</name>
		<pose>Unspecified</pose>
		<truncated>0</truncated>
		<difficult>0</difficult>
		<bndbox>
			<xmin>4</xmin>
			<ymin>400</ymin>
			<xmax>2420</xmax>
			<ymax>1741</ymax>
		</bndbox>
	</object>
	<object>
		<name>bot</name>
		<pose>Unspecified</pose>
		<truncated>0</truncated>
		<difficult>0</difficult>
		<bndbox>
			<xmin>1768</xmin>
			<ymin>1633</ymin>
			<xmax>1887</xmax>
			<ymax>1741</ymax>
		</bndbox>
	</object>
	<object>
		<name>bot</name>
		<pose>Unspecified</pose>
		<truncated>0</truncated>
		<difficult>0</difficult>
		<bndbox>
			<xmin>951</xmin>
			<ymin>383</ymin>
			<xmax>1056</xmax>
			<ymax>498</ymax>
		</bndbox>
	</object>
	<object>
		<name>bot</name>
		<pose>Unspecified</pose>
		<truncated>0</truncated>
		<difficult>0</difficult>
		<bndbox>
			<xmin>1080</xmin>
			<ymin>386</ymin>
			<xmax>1180</xmax>
			<ymax>491</ymax>
		</bndbox>
	</object>
	<object>
		<name>bot</name>
		<pose>Unspecified</pose>
		<truncated>0</truncated>
		<difficult>0</difficult>
		<bndbox>
			<xmin>1351</xmin>
			<ymin>398</ymin>
			<xmax>1470</xmax>
			<ymax>491</ymax>
		</bndbox>
	</object>
</annotation>
