<annotation>
	<folder>input</folder>
	<filename>47.jpg</filename>
	<path>C:\Users\Swetha\Desktop\annotation\input\47.jpg</path>
	<source>
		<database>Unknown</database>
	</source>
	<size>
		<width>2468</width>
		<height>2180</height>
		<depth>3</depth>
	</size>
	<segmented>0</segmented>
	<object>
		<name>arena</name>
		<pose>Unspecified</pose>
		<truncated>0</truncated>
		<difficult>0</difficult>
		<bndbox>
			<xmin>86</xmin>
			<ymin>403</ymin>
			<xmax>2446</xmax>
			<ymax>1689</ymax>
		</bndbox>
	</object>
	<object>
		<name>bot</name>
		<pose>Unspecified</pose>
		<truncated>0</truncated>
		<difficult>0</difficult>
		<bndbox>
			<xmin>1953</xmin>
			<ymin>1580</ymin>
			<xmax>2067</xmax>
			<ymax>1687</ymax>
		</bndbox>
	</object>
	<object>
		<name>bot</name>
		<pose>Unspecified</pose>
		<truncated>0</truncated>
		<difficult>0</difficult>
		<bndbox>
			<xmin>991</xmin>
			<ymin>373</ymin>
			<xmax>1088</xmax>
			<ymax>480</ymax>
		</bndbox>
	</object>
	<object>
		<name>bot</name>
		<pose>Unspecified</pose>
		<truncated>0</truncated>
		<difficult>0</difficult>
		<bndbox>
			<xmin>1116</xmin>
			<ymin>373</ymin>
			<xmax>1212</xmax>
			<ymax>475</ymax>
		</bndbox>
	</object>
	<object>
		<name>bot</name>
		<pose>Unspecified</pose>
		<truncated>0</truncated>
		<difficult>0</difficult>
		<bndbox>
			<xmin>1379</xmin>
			<ymin>387</ymin>
			<xmax>1486</xmax>
			<ymax>475</ymax>
		</bndbox>
	</object>
</annotation>
