<annotation>
	<folder>input</folder>
	<filename>48.jpg</filename>
	<path>C:\Users\Swetha\Desktop\annotation\input\48.jpg</path>
	<source>
		<database>Unknown</database>
	</source>
	<size>
		<width>2508</width>
		<height>2204</height>
		<depth>3</depth>
	</size>
	<segmented>0</segmented>
	<object>
		<name>arena</name>
		<pose>Unspecified</pose>
		<truncated>1</truncated>
		<difficult>0</difficult>
		<bndbox>
			<xmin>80</xmin>
			<ymin>390</ymin>
			<xmax>2508</xmax>
			<ymax>1711</ymax>
		</bndbox>
	</object>
	<object>
		<name>bot</name>
		<pose>Unspecified</pose>
		<truncated>0</truncated>
		<difficult>0</difficult>
		<bndbox>
			<xmin>2150</xmin>
			<ymin>1594</ymin>
			<xmax>2257</xmax>
			<ymax>1706</ymax>
		</bndbox>
	</object>
	<object>
		<name>bot</name>
		<pose>Unspecified</pose>
		<truncated>0</truncated>
		<difficult>0</difficult>
		<bndbox>
			<xmin>1434</xmin>
			<ymin>392</ymin>
			<xmax>1539</xmax>
			<ymax>480</ymax>
		</bndbox>
	</object>
	<object>
		<name>bot</name>
		<pose>Unspecified</pose>
		<truncated>0</truncated>
		<difficult>0</difficult>
		<bndbox>
			<xmin>1164</xmin>
			<ymin>380</ymin>
			<xmax>1264</xmax>
			<ymax>478</ymax>
		</bndbox>
	</object>
	<object>
		<name>bot</name>
		<pose>Unspecified</pose>
		<truncated>0</truncated>
		<difficult>0</difficult>
		<bndbox>
			<xmin>1032</xmin>
			<ymin>373</ymin>
			<xmax>1136</xmax>
			<ymax>483</ymax>
		</bndbox>
	</object>
</annotation>
