<annotation>
	<folder>input</folder>
	<filename>49.jpg</filename>
	<path>C:\Users\Swetha\Desktop\annotation\input\49.jpg</path>
	<source>
		<database>Unknown</database>
	</source>
	<size>
		<width>2524</width>
		<height>2212</height>
		<depth>3</depth>
	</size>
	<segmented>0</segmented>
	<object>
		<name>arena</name>
		<pose>Unspecified</pose>
		<truncated>0</truncated>
		<difficult>0</difficult>
		<bndbox>
			<xmin>34</xmin>
			<ymin>389</ymin>
			<xmax>2470</xmax>
			<ymax>1725</ymax>
		</bndbox>
	</object>
	<object>
		<name>bot</name>
		<pose>Unspecified</pose>
		<truncated>0</truncated>
		<difficult>0</difficult>
		<bndbox>
			<xmin>948</xmin>
			<ymin>384</ymin>
			<xmax>1055</xmax>
			<ymax>494</ymax>
		</bndbox>
	</object>
	<object>
		<name>bot</name>
		<pose>Unspecified</pose>
		<truncated>0</truncated>
		<difficult>0</difficult>
		<bndbox>
			<xmin>1086</xmin>
			<ymin>379</ymin>
			<xmax>1182</xmax>
			<ymax>482</ymax>
		</bndbox>
	</object>
	<object>
		<name>bot</name>
		<pose>Unspecified</pose>
		<truncated>0</truncated>
		<difficult>0</difficult>
		<bndbox>
			<xmin>1348</xmin>
			<ymin>394</ymin>
			<xmax>1465</xmax>
			<ymax>487</ymax>
		</bndbox>
	</object>
	<object>
		<name>bot</name>
		<pose>Unspecified</pose>
		<truncated>0</truncated>
		<difficult>0</difficult>
		<bndbox>
			<xmin>2267</xmin>
			<ymin>1608</ymin>
			<xmax>2353</xmax>
			<ymax>1720</ymax>
		</bndbox>
	</object>
</annotation>
