<annotation>
	<folder>input</folder>
	<filename>5.jpg</filename>
	<path>C:\Users\Swetha\Desktop\annotation\input\5.jpg</path>
	<source>
		<database>Unknown</database>
	</source>
	<size>
		<width>2444</width>
		<height>2132</height>
		<depth>3</depth>
	</size>
	<segmented>0</segmented>
	<object>
		<name>arena</name>
		<pose>Unspecified</pose>
		<truncated>0</truncated>
		<difficult>0</difficult>
		<bndbox>
			<xmin>89</xmin>
			<ymin>390</ymin>
			<xmax>2380</xmax>
			<ymax>1672</ymax>
		</bndbox>
	</object>
	<object>
		<name>bot</name>
		<pose>Unspecified</pose>
		<truncated>0</truncated>
		<difficult>0</difficult>
		<bndbox>
			<xmin>968</xmin>
			<ymin>918</ymin>
			<xmax>1071</xmax>
			<ymax>1020</ymax>
		</bndbox>
	</object>
	<object>
		<name>bot</name>
		<pose>Unspecified</pose>
		<truncated>0</truncated>
		<difficult>0</difficult>
		<bndbox>
			<xmin>1112</xmin>
			<ymin>390</ymin>
			<xmax>1207</xmax>
			<ymax>490</ymax>
		</bndbox>
	</object>
	<object>
		<name>bot</name>
		<pose>Unspecified</pose>
		<truncated>0</truncated>
		<difficult>0</difficult>
		<bndbox>
			<xmin>1246</xmin>
			<ymin>393</ymin>
			<xmax>1343</xmax>
			<ymax>483</ymax>
		</bndbox>
	</object>
	<object>
		<name>bot</name>
		<pose>Unspecified</pose>
		<truncated>0</truncated>
		<difficult>0</difficult>
		<bndbox>
			<xmin>1366</xmin>
			<ymin>395</ymin>
			<xmax>1466</xmax>
			<ymax>483</ymax>
		</bndbox>
	</object>
</annotation>
