<annotation>
	<folder>input</folder>
	<filename>50.jpg</filename>
	<path>C:\Users\Swetha\Desktop\annotation\input\50.jpg</path>
	<source>
		<database>Unknown</database>
	</source>
	<size>
		<width>2544</width>
		<height>2188</height>
		<depth>3</depth>
	</size>
	<segmented>0</segmented>
	<object>
		<name>arena</name>
		<pose>Unspecified</pose>
		<truncated>0</truncated>
		<difficult>0</difficult>
		<bndbox>
			<xmin>15</xmin>
			<ymin>384</ymin>
			<xmax>2450</xmax>
			<ymax>1698</ymax>
		</bndbox>
	</object>
	<object>
		<name>bot</name>
		<pose>Unspecified</pose>
		<truncated>0</truncated>
		<difficult>0</difficult>
		<bndbox>
			<xmin>989</xmin>
			<ymin>361</ymin>
			<xmax>1089</xmax>
			<ymax>472</ymax>
		</bndbox>
	</object>
	<object>
		<name>bot</name>
		<pose>Unspecified</pose>
		<truncated>0</truncated>
		<difficult>0</difficult>
		<bndbox>
			<xmin>1119</xmin>
			<ymin>375</ymin>
			<xmax>1215</xmax>
			<ymax>463</ymax>
		</bndbox>
	</object>
	<object>
		<name>bot</name>
		<pose>Unspecified</pose>
		<truncated>0</truncated>
		<difficult>0</difficult>
		<bndbox>
			<xmin>1377</xmin>
			<ymin>377</ymin>
			<xmax>1498</xmax>
			<ymax>475</ymax>
		</bndbox>
	</object>
	<object>
		<name>bot</name>
		<pose>Unspecified</pose>
		<truncated>0</truncated>
		<difficult>0</difficult>
		<bndbox>
			<xmin>2359</xmin>
			<ymin>1575</ymin>
			<xmax>2450</xmax>
			<ymax>1689</ymax>
		</bndbox>
	</object>
</annotation>
