<annotation>
	<folder>input</folder>
	<filename>53.jpg</filename>
	<path>C:\Users\Swetha\Desktop\annotation\input\53.jpg</path>
	<source>
		<database>Unknown</database>
	</source>
	<size>
		<width>2456</width>
		<height>2156</height>
		<depth>3</depth>
	</size>
	<segmented>0</segmented>
	<object>
		<name>arena</name>
		<pose>Unspecified</pose>
		<truncated>0</truncated>
		<difficult>0</difficult>
		<bndbox>
			<xmin>45</xmin>
			<ymin>384</ymin>
			<xmax>2378</xmax>
			<ymax>1698</ymax>
		</bndbox>
	</object>
	<object>
		<name>bot</name>
		<pose>Unspecified</pose>
		<truncated>0</truncated>
		<difficult>0</difficult>
		<bndbox>
			<xmin>961</xmin>
			<ymin>387</ymin>
			<xmax>1061</xmax>
			<ymax>487</ymax>
		</bndbox>
	</object>
	<object>
		<name>bot</name>
		<pose>Unspecified</pose>
		<truncated>0</truncated>
		<difficult>0</difficult>
		<bndbox>
			<xmin>1092</xmin>
			<ymin>382</ymin>
			<xmax>1189</xmax>
			<ymax>480</ymax>
		</bndbox>
	</object>
	<object>
		<name>bot</name>
		<pose>Unspecified</pose>
		<truncated>0</truncated>
		<difficult>0</difficult>
		<bndbox>
			<xmin>1210</xmin>
			<ymin>384</ymin>
			<xmax>1313</xmax>
			<ymax>487</ymax>
		</bndbox>
	</object>
	<object>
		<name>bot</name>
		<pose>Unspecified</pose>
		<truncated>0</truncated>
		<difficult>0</difficult>
		<bndbox>
			<xmin>1350</xmin>
			<ymin>780</ymin>
			<xmax>1452</xmax>
			<ymax>880</ymax>
		</bndbox>
	</object>
</annotation>
