<annotation>
	<folder>input</folder>
	<filename>55.jpg</filename>
	<path>C:\Users\Swetha\Desktop\annotation\input\55.jpg</path>
	<source>
		<database>Unknown</database>
	</source>
	<size>
		<width>2472</width>
		<height>2228</height>
		<depth>3</depth>
	</size>
	<segmented>0</segmented>
	<object>
		<name>arena</name>
		<pose>Unspecified</pose>
		<truncated>1</truncated>
		<difficult>0</difficult>
		<bndbox>
			<xmin>65</xmin>
			<ymin>402</ymin>
			<xmax>2472</xmax>
			<ymax>1742</ymax>
		</bndbox>
	</object>
	<object>
		<name>bot</name>
		<pose>Unspecified</pose>
		<truncated>0</truncated>
		<difficult>0</difficult>
		<bndbox>
			<xmin>1020</xmin>
			<ymin>395</ymin>
			<xmax>1125</xmax>
			<ymax>509</ymax>
		</bndbox>
	</object>
	<object>
		<name>bot</name>
		<pose>Unspecified</pose>
		<truncated>0</truncated>
		<difficult>0</difficult>
		<bndbox>
			<xmin>1151</xmin>
			<ymin>397</ymin>
			<xmax>1253</xmax>
			<ymax>502</ymax>
		</bndbox>
	</object>
	<object>
		<name>bot</name>
		<pose>Unspecified</pose>
		<truncated>0</truncated>
		<difficult>0</difficult>
		<bndbox>
			<xmin>1275</xmin>
			<ymin>399</ymin>
			<xmax>1382</xmax>
			<ymax>504</ymax>
		</bndbox>
	</object>
	<object>
		<name>bot</name>
		<pose>Unspecified</pose>
		<truncated>0</truncated>
		<difficult>0</difficult>
		<bndbox>
			<xmin>1422</xmin>
			<ymin>1090</ymin>
			<xmax>1527</xmax>
			<ymax>1190</ymax>
		</bndbox>
	</object>
</annotation>
