<annotation>
	<folder>input</folder>
	<filename>56.jpg</filename>
	<path>C:\Users\Swetha\Desktop\annotation\input\56.jpg</path>
	<source>
		<database>Unknown</database>
	</source>
	<size>
		<width>2420</width>
		<height>2192</height>
		<depth>3</depth>
	</size>
	<segmented>0</segmented>
	<object>
		<name>arena</name>
		<pose>Unspecified</pose>
		<truncated>0</truncated>
		<difficult>0</difficult>
		<bndbox>
			<xmin>67</xmin>
			<ymin>402</ymin>
			<xmax>2402</xmax>
			<ymax>1709</ymax>
		</bndbox>
	</object>
	<object>
		<name>bot</name>
		<pose>Unspecified</pose>
		<truncated>0</truncated>
		<difficult>0</difficult>
		<bndbox>
			<xmin>971</xmin>
			<ymin>395</ymin>
			<xmax>1078</xmax>
			<ymax>493</ymax>
		</bndbox>
	</object>
	<object>
		<name>bot</name>
		<pose>Unspecified</pose>
		<truncated>0</truncated>
		<difficult>0</difficult>
		<bndbox>
			<xmin>1104</xmin>
			<ymin>393</ymin>
			<xmax>1199</xmax>
			<ymax>498</ymax>
		</bndbox>
	</object>
	<object>
		<name>bot</name>
		<pose>Unspecified</pose>
		<truncated>0</truncated>
		<difficult>0</difficult>
		<bndbox>
			<xmin>1227</xmin>
			<ymin>405</ymin>
			<xmax>1325</xmax>
			<ymax>500</ymax>
		</bndbox>
	</object>
	<object>
		<name>bot</name>
		<pose>Unspecified</pose>
		<truncated>0</truncated>
		<difficult>0</difficult>
		<bndbox>
			<xmin>1376</xmin>
			<ymin>1207</ymin>
			<xmax>1474</xmax>
			<ymax>1300</ymax>
		</bndbox>
	</object>
</annotation>
