<annotation>
	<folder>input</folder>
	<filename>57.jpg</filename>
	<path>C:\Users\Swetha\Desktop\annotation\input\57.jpg</path>
	<source>
		<database>Unknown</database>
	</source>
	<size>
		<width>2512</width>
		<height>2168</height>
		<depth>3</depth>
	</size>
	<segmented>0</segmented>
	<object>
		<name>arena</name>
		<pose>Unspecified</pose>
		<truncated>0</truncated>
		<difficult>0</difficult>
		<bndbox>
			<xmin>48</xmin>
			<ymin>402</ymin>
			<xmax>2420</xmax>
			<ymax>1700</ymax>
		</bndbox>
	</object>
	<object>
		<name>bot</name>
		<pose>Unspecified</pose>
		<truncated>0</truncated>
		<difficult>0</difficult>
		<bndbox>
			<xmin>989</xmin>
			<ymin>386</ymin>
			<xmax>1089</xmax>
			<ymax>488</ymax>
		</bndbox>
	</object>
	<object>
		<name>bot</name>
		<pose>Unspecified</pose>
		<truncated>0</truncated>
		<difficult>0</difficult>
		<bndbox>
			<xmin>1115</xmin>
			<ymin>388</ymin>
			<xmax>1213</xmax>
			<ymax>486</ymax>
		</bndbox>
	</object>
	<object>
		<name>bot</name>
		<pose>Unspecified</pose>
		<truncated>0</truncated>
		<difficult>0</difficult>
		<bndbox>
			<xmin>1236</xmin>
			<ymin>393</ymin>
			<xmax>1341</xmax>
			<ymax>493</ymax>
		</bndbox>
	</object>
	<object>
		<name>bot</name>
		<pose>Unspecified</pose>
		<truncated>0</truncated>
		<difficult>0</difficult>
		<bndbox>
			<xmin>1373</xmin>
			<ymin>1328</ymin>
			<xmax>1482</xmax>
			<ymax>1425</ymax>
		</bndbox>
	</object>
</annotation>
