<annotation>
	<folder>input</folder>
	<filename>58.jpg</filename>
	<path>C:\Users\Swetha\Desktop\annotation\input\58.jpg</path>
	<source>
		<database>Unknown</database>
	</source>
	<size>
		<width>2528</width>
		<height>2244</height>
		<depth>3</depth>
	</size>
	<segmented>0</segmented>
	<object>
		<name>arena</name>
		<pose>Unspecified</pose>
		<truncated>0</truncated>
		<difficult>0</difficult>
		<bndbox>
			<xmin>46</xmin>
			<ymin>405</ymin>
			<xmax>2512</xmax>
			<ymax>1755</ymax>
		</bndbox>
	</object>
	<object>
		<name>bot</name>
		<pose>Unspecified</pose>
		<truncated>0</truncated>
		<difficult>0</difficult>
		<bndbox>
			<xmin>1034</xmin>
			<ymin>393</ymin>
			<xmax>1141</xmax>
			<ymax>495</ymax>
		</bndbox>
	</object>
	<object>
		<name>bot</name>
		<pose>Unspecified</pose>
		<truncated>0</truncated>
		<difficult>0</difficult>
		<bndbox>
			<xmin>1162</xmin>
			<ymin>398</ymin>
			<xmax>1272</xmax>
			<ymax>495</ymax>
		</bndbox>
	</object>
	<object>
		<name>bot</name>
		<pose>Unspecified</pose>
		<truncated>0</truncated>
		<difficult>0</difficult>
		<bndbox>
			<xmin>1291</xmin>
			<ymin>400</ymin>
			<xmax>1400</xmax>
			<ymax>503</ymax>
		</bndbox>
	</object>
	<object>
		<name>bot</name>
		<pose>Unspecified</pose>
		<truncated>0</truncated>
		<difficult>0</difficult>
		<bndbox>
			<xmin>1429</xmin>
			<ymin>1514</ymin>
			<xmax>1536</xmax>
			<ymax>1612</ymax>
		</bndbox>
	</object>
</annotation>
