<annotation>
	<folder>input</folder>
	<filename>59.jpg</filename>
	<path>C:\Users\Swetha\Desktop\annotation\input\59.jpg</path>
	<source>
		<database>Unknown</database>
	</source>
	<size>
		<width>2444</width>
		<height>2164</height>
		<depth>3</depth>
	</size>
	<segmented>0</segmented>
	<object>
		<name>arena</name>
		<pose>Unspecified</pose>
		<truncated>0</truncated>
		<difficult>0</difficult>
		<bndbox>
			<xmin>55</xmin>
			<ymin>391</ymin>
			<xmax>2404</xmax>
			<ymax>1684</ymax>
		</bndbox>
	</object>
	<object>
		<name>bot</name>
		<pose>Unspecified</pose>
		<truncated>0</truncated>
		<difficult>0</difficult>
		<bndbox>
			<xmin>986</xmin>
			<ymin>379</ymin>
			<xmax>1093</xmax>
			<ymax>477</ymax>
		</bndbox>
	</object>
	<object>
		<name>bot</name>
		<pose>Unspecified</pose>
		<truncated>0</truncated>
		<difficult>0</difficult>
		<bndbox>
			<xmin>1111</xmin>
			<ymin>372</ymin>
			<xmax>1211</xmax>
			<ymax>470</ymax>
		</bndbox>
	</object>
	<object>
		<name>bot</name>
		<pose>Unspecified</pose>
		<truncated>0</truncated>
		<difficult>0</difficult>
		<bndbox>
			<xmin>1234</xmin>
			<ymin>379</ymin>
			<xmax>1332</xmax>
			<ymax>477</ymax>
		</bndbox>
	</object>
	<object>
		<name>bot</name>
		<pose>Unspecified</pose>
		<truncated>0</truncated>
		<difficult>0</difficult>
		<bndbox>
			<xmin>1495</xmin>
			<ymin>1446</ymin>
			<xmax>1609</xmax>
			<ymax>1542</ymax>
		</bndbox>
	</object>
</annotation>
