<annotation>
	<folder>input</folder>
	<filename>60.jpg</filename>
	<path>C:\Users\Swetha\Desktop\annotation\input\60.jpg</path>
	<source>
		<database>Unknown</database>
	</source>
	<size>
		<width>2524</width>
		<height>2140</height>
		<depth>3</depth>
	</size>
	<segmented>0</segmented>
	<object>
		<name>arena</name>
		<pose>Unspecified</pose>
		<truncated>0</truncated>
		<difficult>0</difficult>
		<bndbox>
			<xmin>77</xmin>
			<ymin>385</ymin>
			<xmax>2406</xmax>
			<ymax>1665</ymax>
		</bndbox>
	</object>
	<object>
		<name>bot</name>
		<pose>Unspecified</pose>
		<truncated>0</truncated>
		<difficult>0</difficult>
		<bndbox>
			<xmin>990</xmin>
			<ymin>378</ymin>
			<xmax>1092</xmax>
			<ymax>474</ymax>
		</bndbox>
	</object>
	<object>
		<name>bot</name>
		<pose>Unspecified</pose>
		<truncated>0</truncated>
		<difficult>0</difficult>
		<bndbox>
			<xmin>1113</xmin>
			<ymin>378</ymin>
			<xmax>1215</xmax>
			<ymax>472</ymax>
		</bndbox>
	</object>
	<object>
		<name>bot</name>
		<pose>Unspecified</pose>
		<truncated>0</truncated>
		<difficult>0</difficult>
		<bndbox>
			<xmin>1238</xmin>
			<ymin>385</ymin>
			<xmax>1331</xmax>
			<ymax>476</ymax>
		</bndbox>
	</object>
	<object>
		<name>bot</name>
		<pose>Unspecified</pose>
		<truncated>0</truncated>
		<difficult>0</difficult>
		<bndbox>
			<xmin>1656</xmin>
			<ymin>1424</ymin>
			<xmax>1758</xmax>
			<ymax>1517</ymax>
		</bndbox>
	</object>
</annotation>
