<annotation>
	<folder>input</folder>
	<filename>61.jpg</filename>
	<path>C:\Users\Swetha\Desktop\annotation\input\61.jpg</path>
	<source>
		<database>Unknown</database>
	</source>
	<size>
		<width>2476</width>
		<height>2056</height>
		<depth>3</depth>
	</size>
	<segmented>0</segmented>
	<object>
		<name>arena</name>
		<pose>Unspecified</pose>
		<truncated>0</truncated>
		<difficult>0</difficult>
		<bndbox>
			<xmin>99</xmin>
			<ymin>340</ymin>
			<xmax>2354</xmax>
			<ymax>1582</ymax>
		</bndbox>
	</object>
	<object>
		<name>bot</name>
		<pose>Unspecified</pose>
		<truncated>0</truncated>
		<difficult>0</difficult>
		<bndbox>
			<xmin>964</xmin>
			<ymin>330</ymin>
			<xmax>1062</xmax>
			<ymax>425</ymax>
		</bndbox>
	</object>
	<object>
		<name>bot</name>
		<pose>Unspecified</pose>
		<truncated>0</truncated>
		<difficult>0</difficult>
		<bndbox>
			<xmin>1088</xmin>
			<ymin>327</ymin>
			<xmax>1182</xmax>
			<ymax>421</ymax>
		</bndbox>
	</object>
	<object>
		<name>bot</name>
		<pose>Unspecified</pose>
		<truncated>0</truncated>
		<difficult>0</difficult>
		<bndbox>
			<xmin>1201</xmin>
			<ymin>332</ymin>
			<xmax>1301</xmax>
			<ymax>423</ymax>
		</bndbox>
	</object>
	<object>
		<name>bot</name>
		<pose>Unspecified</pose>
		<truncated>0</truncated>
		<difficult>0</difficult>
		<bndbox>
			<xmin>1736</xmin>
			<ymin>1343</ymin>
			<xmax>1845</xmax>
			<ymax>1436</ymax>
		</bndbox>
	</object>
</annotation>
