<annotation>
	<folder>input</folder>
	<filename>62.jpg</filename>
	<path>C:\Users\Swetha\Desktop\annotation\input\62.jpg</path>
	<source>
		<database>Unknown</database>
	</source>
	<size>
		<width>2444</width>
		<height>2144</height>
		<depth>3</depth>
	</size>
	<segmented>0</segmented>
	<object>
		<name>arena</name>
		<pose>Unspecified</pose>
		<truncated>0</truncated>
		<difficult>0</difficult>
		<bndbox>
			<xmin>21</xmin>
			<ymin>394</ymin>
			<xmax>2323</xmax>
			<ymax>1667</ymax>
		</bndbox>
	</object>
	<object>
		<name>bot</name>
		<pose>Unspecified</pose>
		<truncated>0</truncated>
		<difficult>0</difficult>
		<bndbox>
			<xmin>905</xmin>
			<ymin>380</ymin>
			<xmax>1007</xmax>
			<ymax>480</ymax>
		</bndbox>
	</object>
	<object>
		<name>bot</name>
		<pose>Unspecified</pose>
		<truncated>0</truncated>
		<difficult>0</difficult>
		<bndbox>
			<xmin>1030</xmin>
			<ymin>383</ymin>
			<xmax>1132</xmax>
			<ymax>483</ymax>
		</bndbox>
	</object>
	<object>
		<name>bot</name>
		<pose>Unspecified</pose>
		<truncated>0</truncated>
		<difficult>0</difficult>
		<bndbox>
			<xmin>1152</xmin>
			<ymin>383</ymin>
			<xmax>1248</xmax>
			<ymax>483</ymax>
		</bndbox>
	</object>
	<object>
		<name>bot</name>
		<pose>Unspecified</pose>
		<truncated>0</truncated>
		<difficult>0</difficult>
		<bndbox>
			<xmin>1832</xmin>
			<ymin>1430</ymin>
			<xmax>1937</xmax>
			<ymax>1524</ymax>
		</bndbox>
	</object>
</annotation>
