<annotation>
	<folder>input</folder>
	<filename>63.jpg</filename>
	<path>C:\Users\Swetha\Desktop\annotation\input\63.jpg</path>
	<source>
		<database>Unknown</database>
	</source>
	<size>
		<width>2464</width>
		<height>2184</height>
		<depth>3</depth>
	</size>
	<segmented>0</segmented>
	<object>
		<name>arena</name>
		<pose>Unspecified</pose>
		<truncated>1</truncated>
		<difficult>0</difficult>
		<bndbox>
			<xmin>56</xmin>
			<ymin>387</ymin>
			<xmax>2464</xmax>
			<ymax>1698</ymax>
		</bndbox>
	</object>
	<object>
		<name>bot</name>
		<pose>Unspecified</pose>
		<truncated>0</truncated>
		<difficult>0</difficult>
		<bndbox>
			<xmin>993</xmin>
			<ymin>373</ymin>
			<xmax>1103</xmax>
			<ymax>477</ymax>
		</bndbox>
	</object>
	<object>
		<name>bot</name>
		<pose>Unspecified</pose>
		<truncated>0</truncated>
		<difficult>0</difficult>
		<bndbox>
			<xmin>1124</xmin>
			<ymin>377</ymin>
			<xmax>1221</xmax>
			<ymax>475</ymax>
		</bndbox>
	</object>
	<object>
		<name>bot</name>
		<pose>Unspecified</pose>
		<truncated>0</truncated>
		<difficult>0</difficult>
		<bndbox>
			<xmin>1247</xmin>
			<ymin>377</ymin>
			<xmax>1347</xmax>
			<ymax>482</ymax>
		</bndbox>
	</object>
	<object>
		<name>bot</name>
		<pose>Unspecified</pose>
		<truncated>0</truncated>
		<difficult>0</difficult>
		<bndbox>
			<xmin>2110</xmin>
			<ymin>1456</ymin>
			<xmax>2217</xmax>
			<ymax>1554</ymax>
		</bndbox>
	</object>
</annotation>
