<annotation>
	<folder>input</folder>
	<filename>65.jpg</filename>
	<path>C:\Users\Swetha\Desktop\annotation\input\65.jpg</path>
	<source>
		<database>Unknown</database>
	</source>
	<size>
		<width>2536</width>
		<height>2076</height>
		<depth>3</depth>
	</size>
	<segmented>0</segmented>
	<object>
		<name>arena</name>
		<pose>Unspecified</pose>
		<truncated>0</truncated>
		<difficult>0</difficult>
		<bndbox>
			<xmin>62</xmin>
			<ymin>373</ymin>
			<xmax>2378</xmax>
			<ymax>1628</ymax>
		</bndbox>
	</object>
	<object>
		<name>bot</name>
		<pose>Unspecified</pose>
		<truncated>0</truncated>
		<difficult>0</difficult>
		<bndbox>
			<xmin>962</xmin>
			<ymin>368</ymin>
			<xmax>1067</xmax>
			<ymax>460</ymax>
		</bndbox>
	</object>
	<object>
		<name>bot</name>
		<pose>Unspecified</pose>
		<truncated>0</truncated>
		<difficult>0</difficult>
		<bndbox>
			<xmin>1091</xmin>
			<ymin>368</ymin>
			<xmax>1191</xmax>
			<ymax>460</ymax>
		</bndbox>
	</object>
	<object>
		<name>bot</name>
		<pose>Unspecified</pose>
		<truncated>0</truncated>
		<difficult>0</difficult>
		<bndbox>
			<xmin>1211</xmin>
			<ymin>373</ymin>
			<xmax>1307</xmax>
			<ymax>462</ymax>
		</bndbox>
	</object>
	<object>
		<name>bot</name>
		<pose>Unspecified</pose>
		<truncated>0</truncated>
		<difficult>0</difficult>
		<bndbox>
			<xmin>2278</xmin>
			<ymin>1388</ymin>
			<xmax>2378</xmax>
			<ymax>1486</ymax>
		</bndbox>
	</object>
</annotation>
