<annotation>
	<folder>input</folder>
	<filename>7.jpg</filename>
	<path>C:\Users\Swetha\Desktop\annotation\input\7.jpg</path>
	<source>
		<database>Unknown</database>
	</source>
	<size>
		<width>2336</width>
		<height>1968</height>
		<depth>3</depth>
	</size>
	<segmented>0</segmented>
	<object>
		<name>arena</name>
		<pose>Unspecified</pose>
		<truncated>0</truncated>
		<difficult>0</difficult>
		<bndbox>
			<xmin>90</xmin>
			<ymin>356</ymin>
			<xmax>2215</xmax>
			<ymax>1527</ymax>
		</bndbox>
	</object>
	<object>
		<name>bot</name>
		<pose>Unspecified</pose>
		<truncated>0</truncated>
		<difficult>0</difficult>
		<bndbox>
			<xmin>923</xmin>
			<ymin>1086</ymin>
			<xmax>1015</xmax>
			<ymax>1169</ymax>
		</bndbox>
	</object>
	<object>
		<name>bot</name>
		<pose>Unspecified</pose>
		<truncated>0</truncated>
		<difficult>0</difficult>
		<bndbox>
			<xmin>1050</xmin>
			<ymin>361</ymin>
			<xmax>1140</xmax>
			<ymax>444</ymax>
		</bndbox>
	</object>
	<object>
		<name>bot</name>
		<pose>Unspecified</pose>
		<truncated>0</truncated>
		<difficult>0</difficult>
		<bndbox>
			<xmin>1173</xmin>
			<ymin>352</ymin>
			<xmax>1263</xmax>
			<ymax>436</ymax>
		</bndbox>
	</object>
	<object>
		<name>bot</name>
		<pose>Unspecified</pose>
		<truncated>0</truncated>
		<difficult>0</difficult>
		<bndbox>
			<xmin>1288</xmin>
			<ymin>352</ymin>
			<xmax>1379</xmax>
			<ymax>444</ymax>
		</bndbox>
	</object>
</annotation>
