<annotation>
	<folder>input</folder>
	<filename>71.jpg</filename>
	<path>C:\Users\Swetha\Desktop\annotation\input\71.jpg</path>
	<source>
		<database>Unknown</database>
	</source>
	<size>
		<width>4000</width>
		<height>3000</height>
		<depth>3</depth>
	</size>
	<segmented>0</segmented>
	<object>
		<name>arena</name>
		<pose>Unspecified</pose>
		<truncated>0</truncated>
		<difficult>0</difficult>
		<bndbox>
			<xmin>540</xmin>
			<ymin>635</ymin>
			<xmax>3750</xmax>
			<ymax>2376</ymax>
		</bndbox>
	</object>
	<object>
		<name>bot</name>
		<pose>Unspecified</pose>
		<truncated>0</truncated>
		<difficult>0</difficult>
		<bndbox>
			<xmin>2124</xmin>
			<ymin>825</ymin>
			<xmax>2263</xmax>
			<ymax>947</ymax>
		</bndbox>
	</object>
	<object>
		<name>bot</name>
		<pose>Unspecified</pose>
		<truncated>0</truncated>
		<difficult>0</difficult>
		<bndbox>
			<xmin>1992</xmin>
			<ymin>1512</ymin>
			<xmax>2118</xmax>
			<ymax>1641</ymax>
		</bndbox>
	</object>
	<object>
		<name>bot</name>
		<pose>Unspecified</pose>
		<truncated>0</truncated>
		<difficult>0</difficult>
		<bndbox>
			<xmin>1266</xmin>
			<ymin>2054</ymin>
			<xmax>1411</xmax>
			<ymax>2196</ymax>
		</bndbox>
	</object>
	<object>
		<name>bot</name>
		<pose>Unspecified</pose>
		<truncated>0</truncated>
		<difficult>0</difficult>
		<bndbox>
			<xmin>2331</xmin>
			<ymin>1873</ymin>
			<xmax>2479</xmax>
			<ymax>2002</ymax>
		</bndbox>
	</object>
</annotation>
