<annotation>
	<folder>input</folder>
	<filename>79.jpg</filename>
	<path>C:\Users\Swetha\Desktop\annotation\input\79.jpg</path>
	<source>
		<database>Unknown</database>
	</source>
	<size>
		<width>4000</width>
		<height>3000</height>
		<depth>3</depth>
	</size>
	<segmented>0</segmented>
	<object>
		<name>arena</name>
		<pose>Unspecified</pose>
		<truncated>0</truncated>
		<difficult>0</difficult>
		<bndbox>
			<xmin>743</xmin>
			<ymin>480</ymin>
			<xmax>3914</xmax>
			<ymax>2170</ymax>
		</bndbox>
	</object>
	<object>
		<name>bot</name>
		<pose>Unspecified</pose>
		<truncated>0</truncated>
		<difficult>0</difficult>
		<bndbox>
			<xmin>1337</xmin>
			<ymin>2047</ymin>
			<xmax>1463</xmax>
			<ymax>2180</ymax>
		</bndbox>
	</object>
	<object>
		<name>bot</name>
		<pose>Unspecified</pose>
		<truncated>0</truncated>
		<difficult>0</difficult>
		<bndbox>
			<xmin>2005</xmin>
			<ymin>980</ymin>
			<xmax>2118</xmax>
			<ymax>1125</ymax>
		</bndbox>
	</object>
	<object>
		<name>bot</name>
		<pose>Unspecified</pose>
		<truncated>0</truncated>
		<difficult>0</difficult>
		<bndbox>
			<xmin>2353</xmin>
			<ymin>973</ymin>
			<xmax>2482</xmax>
			<ymax>1093</ymax>
		</bndbox>
	</object>
	<object>
		<name>bot</name>
		<pose>Unspecified</pose>
		<truncated>0</truncated>
		<difficult>0</difficult>
		<bndbox>
			<xmin>3408</xmin>
			<ymin>1818</ymin>
			<xmax>3547</xmax>
			<ymax>1957</ymax>
		</bndbox>
	</object>
</annotation>
