<annotation>
	<folder>input</folder>
	<filename>8.jpg</filename>
	<path>C:\Users\Swetha\Desktop\annotation\input\8.jpg</path>
	<source>
		<database>Unknown</database>
	</source>
	<size>
		<width>2440</width>
		<height>2092</height>
		<depth>3</depth>
	</size>
	<segmented>0</segmented>
	<object>
		<name>arena</name>
		<pose>Unspecified</pose>
		<truncated>0</truncated>
		<difficult>0</difficult>
		<bndbox>
			<xmin>83</xmin>
			<ymin>379</ymin>
			<xmax>2296</xmax>
			<ymax>1636</ymax>
		</bndbox>
	</object>
	<object>
		<name>bot</name>
		<pose>Unspecified</pose>
		<truncated>0</truncated>
		<difficult>0</difficult>
		<bndbox>
			<xmin>932</xmin>
			<ymin>1259</ymin>
			<xmax>1036</xmax>
			<ymax>1359</ymax>
		</bndbox>
	</object>
	<object>
		<name>bot</name>
		<pose>Unspecified</pose>
		<truncated>0</truncated>
		<difficult>0</difficult>
		<bndbox>
			<xmin>1081</xmin>
			<ymin>383</ymin>
			<xmax>1179</xmax>
			<ymax>481</ymax>
		</bndbox>
	</object>
	<object>
		<name>bot</name>
		<pose>Unspecified</pose>
		<truncated>0</truncated>
		<difficult>0</difficult>
		<bndbox>
			<xmin>1216</xmin>
			<ymin>379</ymin>
			<xmax>1310</xmax>
			<ymax>470</ymax>
		</bndbox>
	</object>
	<object>
		<name>bot</name>
		<pose>Unspecified</pose>
		<truncated>0</truncated>
		<difficult>0</difficult>
		<bndbox>
			<xmin>1332</xmin>
			<ymin>381</ymin>
			<xmax>1432</xmax>
			<ymax>476</ymax>
		</bndbox>
	</object>
</annotation>
