<annotation>
	<folder>input</folder>
	<filename>80.jpg</filename>
	<path>C:\Users\Swetha\Desktop\annotation\input\80.jpg</path>
	<source>
		<database>Unknown</database>
	</source>
	<size>
		<width>4000</width>
		<height>3000</height>
		<depth>3</depth>
	</size>
	<segmented>0</segmented>
	<object>
		<name>arena</name>
		<pose>Unspecified</pose>
		<truncated>0</truncated>
		<difficult>0</difficult>
		<bndbox>
			<xmin>682</xmin>
			<ymin>464</ymin>
			<xmax>3782</xmax>
			<ymax>2099</ymax>
		</bndbox>
	</object>
	<object>
		<name>bot</name>
		<pose>Unspecified</pose>
		<truncated>0</truncated>
		<difficult>0</difficult>
		<bndbox>
			<xmin>1901</xmin>
			<ymin>980</ymin>
			<xmax>2037</xmax>
			<ymax>1109</ymax>
		</bndbox>
	</object>
	<object>
		<name>bot</name>
		<pose>Unspecified</pose>
		<truncated>0</truncated>
		<difficult>0</difficult>
		<bndbox>
			<xmin>2263</xmin>
			<ymin>967</ymin>
			<xmax>2382</xmax>
			<ymax>1080</ymax>
		</bndbox>
	</object>
	<object>
		<name>bot</name>
		<pose>Unspecified</pose>
		<truncated>0</truncated>
		<difficult>0</difficult>
		<bndbox>
			<xmin>2082</xmin>
			<ymin>1518</ymin>
			<xmax>2214</xmax>
			<ymax>1644</ymax>
		</bndbox>
	</object>
	<object>
		<name>bot</name>
		<pose>Unspecified</pose>
		<truncated>0</truncated>
		<difficult>0</difficult>
		<bndbox>
			<xmin>3305</xmin>
			<ymin>1783</ymin>
			<xmax>3437</xmax>
			<ymax>1925</ymax>
		</bndbox>
	</object>
</annotation>
