<annotation>
	<folder>input</folder>
	<filename>81.jpg</filename>
	<path>C:\Users\Swetha\Desktop\annotation\input\81.jpg</path>
	<source>
		<database>Unknown</database>
	</source>
	<size>
		<width>4000</width>
		<height>3000</height>
		<depth>3</depth>
	</size>
	<segmented>0</segmented>
	<object>
		<name>arena</name>
		<pose>Unspecified</pose>
		<truncated>0</truncated>
		<difficult>0</difficult>
		<bndbox>
			<xmin>611</xmin>
			<ymin>289</ymin>
			<xmax>3827</xmax>
			<ymax>2012</ymax>
		</bndbox>
	</object>
	<object>
		<name>bot</name>
		<pose>Unspecified</pose>
		<truncated>0</truncated>
		<difficult>0</difficult>
		<bndbox>
			<xmin>1905</xmin>
			<ymin>835</ymin>
			<xmax>2050</xmax>
			<ymax>957</ymax>
		</bndbox>
	</object>
	<object>
		<name>bot</name>
		<pose>Unspecified</pose>
		<truncated>0</truncated>
		<difficult>0</difficult>
		<bndbox>
			<xmin>2095</xmin>
			<ymin>1399</ymin>
			<xmax>2234</xmax>
			<ymax>1512</ymax>
		</bndbox>
	</object>
	<object>
		<name>bot</name>
		<pose>Unspecified</pose>
		<truncated>0</truncated>
		<difficult>0</difficult>
		<bndbox>
			<xmin>2282</xmin>
			<ymin>1876</ymin>
			<xmax>2421</xmax>
			<ymax>2009</ymax>
		</bndbox>
	</object>
	<object>
		<name>bot</name>
		<pose>Unspecified</pose>
		<truncated>0</truncated>
		<difficult>0</difficult>
		<bndbox>
			<xmin>3331</xmin>
			<ymin>1673</ymin>
			<xmax>3469</xmax>
			<ymax>1815</ymax>
		</bndbox>
	</object>
</annotation>
