<annotation>
	<folder>input</folder>
	<filename>82.jpg</filename>
	<path>C:\Users\Swetha\Desktop\annotation\input\82.jpg</path>
	<source>
		<database>Unknown</database>
	</source>
	<size>
		<width>4000</width>
		<height>3000</height>
		<depth>3</depth>
	</size>
	<segmented>0</segmented>
	<object>
		<name>arena</name>
		<pose>Unspecified</pose>
		<truncated>0</truncated>
		<difficult>0</difficult>
		<bndbox>
			<xmin>231</xmin>
			<ymin>399</ymin>
			<xmax>3656</xmax>
			<ymax>2067</ymax>
		</bndbox>
	</object>
	<object>
		<name>bot</name>
		<pose>Unspecified</pose>
		<truncated>0</truncated>
		<difficult>0</difficult>
		<bndbox>
			<xmin>1598</xmin>
			<ymin>922</ymin>
			<xmax>1756</xmax>
			<ymax>1060</ymax>
		</bndbox>
	</object>
	<object>
		<name>bot</name>
		<pose>Unspecified</pose>
		<truncated>0</truncated>
		<difficult>0</difficult>
		<bndbox>
			<xmin>1811</xmin>
			<ymin>1496</ymin>
			<xmax>1950</xmax>
			<ymax>1635</ymax>
		</bndbox>
	</object>
	<object>
		<name>bot</name>
		<pose>Unspecified</pose>
		<truncated>0</truncated>
		<difficult>0</difficult>
		<bndbox>
			<xmin>3121</xmin>
			<ymin>1744</ymin>
			<xmax>3240</xmax>
			<ymax>1880</ymax>
		</bndbox>
	</object>
	<object>
		<name>bot</name>
		<pose>Unspecified</pose>
		<truncated>0</truncated>
		<difficult>0</difficult>
		<bndbox>
			<xmin>3318</xmin>
			<ymin>1931</ymin>
			<xmax>3453</xmax>
			<ymax>2080</ymax>
		</bndbox>
	</object>
</annotation>
