<annotation>
	<folder>input</folder>
	<filename>83.jpg</filename>
	<path>C:\Users\Swetha\Desktop\annotation\input\83.jpg</path>
	<source>
		<database>Unknown</database>
	</source>
	<size>
		<width>4000</width>
		<height>3000</height>
		<depth>3</depth>
	</size>
	<segmented>0</segmented>
	<object>
		<name>arena</name>
		<pose>Unspecified</pose>
		<truncated>0</truncated>
		<difficult>0</difficult>
		<bndbox>
			<xmin>579</xmin>
			<ymin>296</ymin>
			<xmax>3860</xmax>
			<ymax>2054</ymax>
		</bndbox>
	</object>
	<object>
		<name>bot</name>
		<pose>Unspecified</pose>
		<truncated>0</truncated>
		<difficult>0</difficult>
		<bndbox>
			<xmin>1879</xmin>
			<ymin>835</ymin>
			<xmax>2014</xmax>
			<ymax>986</ymax>
		</bndbox>
	</object>
	<object>
		<name>bot</name>
		<pose>Unspecified</pose>
		<truncated>0</truncated>
		<difficult>0</difficult>
		<bndbox>
			<xmin>827</xmin>
			<ymin>1947</ymin>
			<xmax>979</xmax>
			<ymax>2096</ymax>
		</bndbox>
	</object>
	<object>
		<name>bot</name>
		<pose>Unspecified</pose>
		<truncated>0</truncated>
		<difficult>0</difficult>
		<bndbox>
			<xmin>3347</xmin>
			<ymin>1712</ymin>
			<xmax>3489</xmax>
			<ymax>1864</ymax>
		</bndbox>
	</object>
	<object>
		<name>bot</name>
		<pose>Unspecified</pose>
		<truncated>0</truncated>
		<difficult>0</difficult>
		<bndbox>
			<xmin>3534</xmin>
			<ymin>1899</ymin>
			<xmax>3682</xmax>
			<ymax>2035</ymax>
		</bndbox>
	</object>
</annotation>
