<annotation>
	<folder>input</folder>
	<filename>84.jpg</filename>
	<path>C:\Users\Swetha\Desktop\annotation\input\84.jpg</path>
	<source>
		<database>Unknown</database>
	</source>
	<size>
		<width>4000</width>
		<height>3000</height>
		<depth>3</depth>
	</size>
	<segmented>0</segmented>
	<object>
		<name>arena</name>
		<pose>Unspecified</pose>
		<truncated>0</truncated>
		<difficult>0</difficult>
		<bndbox>
			<xmin>543</xmin>
			<ymin>480</ymin>
			<xmax>3740</xmax>
			<ymax>2064</ymax>
		</bndbox>
	</object>
	<object>
		<name>bot</name>
		<pose>Unspecified</pose>
		<truncated>0</truncated>
		<difficult>0</difficult>
		<bndbox>
			<xmin>789</xmin>
			<ymin>1860</ymin>
			<xmax>947</xmax>
			<ymax>2009</ymax>
		</bndbox>
	</object>
	<object>
		<name>bot</name>
		<pose>Unspecified</pose>
		<truncated>0</truncated>
		<difficult>0</difficult>
		<bndbox>
			<xmin>840</xmin>
			<ymin>2064</ymin>
			<xmax>985</xmax>
			<ymax>2205</ymax>
		</bndbox>
	</object>
	<object>
		<name>bot</name>
		<pose>Unspecified</pose>
		<truncated>0</truncated>
		<difficult>0</difficult>
		<bndbox>
			<xmin>3234</xmin>
			<ymin>1741</ymin>
			<xmax>3379</xmax>
			<ymax>1883</ymax>
		</bndbox>
	</object>
	<object>
		<name>bot</name>
		<pose>Unspecified</pose>
		<truncated>0</truncated>
		<difficult>0</difficult>
		<bndbox>
			<xmin>3460</xmin>
			<ymin>1915</ymin>
			<xmax>3572</xmax>
			<ymax>2060</ymax>
		</bndbox>
	</object>
</annotation>
