<annotation>
	<folder>input</folder>
	<filename>85.jpg</filename>
	<path>C:\Users\Swetha\Desktop\annotation\input\85.jpg</path>
	<source>
		<database>Unknown</database>
	</source>
	<size>
		<width>4000</width>
		<height>3000</height>
		<depth>3</depth>
	</size>
	<segmented>0</segmented>
	<object>
		<name>arena</name>
		<pose>Unspecified</pose>
		<truncated>0</truncated>
		<difficult>0</difficult>
		<bndbox>
			<xmin>14</xmin>
			<ymin>157</ymin>
			<xmax>3469</xmax>
			<ymax>1944</ymax>
		</bndbox>
	</object>
	<object>
		<name>bot</name>
		<pose>Unspecified</pose>
		<truncated>0</truncated>
		<difficult>0</difficult>
		<bndbox>
			<xmin>308</xmin>
			<ymin>1696</ymin>
			<xmax>466</xmax>
			<ymax>1831</ymax>
		</bndbox>
	</object>
	<object>
		<name>bot</name>
		<pose>Unspecified</pose>
		<truncated>0</truncated>
		<difficult>0</difficult>
		<bndbox>
			<xmin>347</xmin>
			<ymin>1925</ymin>
			<xmax>498</xmax>
			<ymax>2044</ymax>
		</bndbox>
	</object>
	<object>
		<name>bot</name>
		<pose>Unspecified</pose>
		<truncated>0</truncated>
		<difficult>0</difficult>
		<bndbox>
			<xmin>3143</xmin>
			<ymin>1586</ymin>
			<xmax>3285</xmax>
			<ymax>1728</ymax>
		</bndbox>
	</object>
	<object>
		<name>bot</name>
		<pose>Unspecified</pose>
		<truncated>0</truncated>
		<difficult>0</difficult>
		<bndbox>
			<xmin>3160</xmin>
			<ymin>1789</ymin>
			<xmax>3305</xmax>
			<ymax>1925</ymax>
		</bndbox>
	</object>
</annotation>
