<annotation>
	<folder>input</folder>
	<filename>86.jpg</filename>
	<path>C:\Users\Swetha\Desktop\annotation\input\86.jpg</path>
	<source>
		<database>Unknown</database>
	</source>
	<size>
		<width>4000</width>
		<height>3000</height>
		<depth>3</depth>
	</size>
	<segmented>0</segmented>
	<object>
		<name>arena</name>
		<pose>Unspecified</pose>
		<truncated>0</truncated>
		<difficult>0</difficult>
		<bndbox>
			<xmin>350</xmin>
			<ymin>270</ymin>
			<xmax>3727</xmax>
			<ymax>1941</ymax>
		</bndbox>
	</object>
	<object>
		<name>bot</name>
		<pose>Unspecified</pose>
		<truncated>0</truncated>
		<difficult>0</difficult>
		<bndbox>
			<xmin>624</xmin>
			<ymin>1741</ymin>
			<xmax>785</xmax>
			<ymax>1889</ymax>
		</bndbox>
	</object>
	<object>
		<name>bot</name>
		<pose>Unspecified</pose>
		<truncated>0</truncated>
		<difficult>0</difficult>
		<bndbox>
			<xmin>821</xmin>
			<ymin>1941</ymin>
			<xmax>979</xmax>
			<ymax>2067</ymax>
		</bndbox>
	</object>
	<object>
		<name>bot</name>
		<pose>Unspecified</pose>
		<truncated>0</truncated>
		<difficult>0</difficult>
		<bndbox>
			<xmin>3231</xmin>
			<ymin>1835</ymin>
			<xmax>3366</xmax>
			<ymax>1960</ymax>
		</bndbox>
	</object>
	<object>
		<name>bot</name>
		<pose>Unspecified</pose>
		<truncated>0</truncated>
		<difficult>0</difficult>
		<bndbox>
			<xmin>3411</xmin>
			<ymin>1618</ymin>
			<xmax>3540</xmax>
			<ymax>1747</ymax>
		</bndbox>
	</object>
</annotation>
