<annotation>
	<folder>input</folder>
	<filename>88.jpg</filename>
	<path>C:\Users\Swetha\Desktop\annotation\input\88.jpg</path>
	<source>
		<database>Unknown</database>
	</source>
	<size>
		<width>4000</width>
		<height>3000</height>
		<depth>3</depth>
	</size>
	<segmented>0</segmented>
	<object>
		<name>arena</name>
		<pose>Unspecified</pose>
		<truncated>0</truncated>
		<difficult>0</difficult>
		<bndbox>
			<xmin>408</xmin>
			<ymin>254</ymin>
			<xmax>3814</xmax>
			<ymax>2057</ymax>
		</bndbox>
	</object>
	<object>
		<name>bot</name>
		<pose>Unspecified</pose>
		<truncated>0</truncated>
		<difficult>0</difficult>
		<bndbox>
			<xmin>1024</xmin>
			<ymin>1802</ymin>
			<xmax>1169</xmax>
			<ymax>1935</ymax>
		</bndbox>
	</object>
	<object>
		<name>bot</name>
		<pose>Unspecified</pose>
		<truncated>0</truncated>
		<difficult>0</difficult>
		<bndbox>
			<xmin>1431</xmin>
			<ymin>1993</ymin>
			<xmax>1563</xmax>
			<ymax>2122</ymax>
		</bndbox>
	</object>
	<object>
		<name>bot</name>
		<pose>Unspecified</pose>
		<truncated>0</truncated>
		<difficult>0</difficult>
		<bndbox>
			<xmin>3137</xmin>
			<ymin>1776</ymin>
			<xmax>3279</xmax>
			<ymax>1928</ymax>
		</bndbox>
	</object>
	<object>
		<name>bot</name>
		<pose>Unspecified</pose>
		<truncated>0</truncated>
		<difficult>0</difficult>
		<bndbox>
			<xmin>3498</xmin>
			<ymin>1931</ymin>
			<xmax>3634</xmax>
			<ymax>2070</ymax>
		</bndbox>
	</object>
</annotation>
