<annotation>
	<folder>input</folder>
	<filename>89.jpg</filename>
	<path>C:\Users\Swetha\Desktop\annotation\input\89.jpg</path>
	<source>
		<database>Unknown</database>
	</source>
	<size>
		<width>4000</width>
		<height>3000</height>
		<depth>3</depth>
	</size>
	<segmented>0</segmented>
	<object>
		<name>arena</name>
		<pose>Unspecified</pose>
		<truncated>1</truncated>
		<difficult>0</difficult>
		<bndbox>
			<xmin>485</xmin>
			<ymin>254</ymin>
			<xmax>4000</xmax>
			<ymax>2244</ymax>
		</bndbox>
	</object>
	<object>
		<name>bot</name>
		<pose>Unspecified</pose>
		<truncated>0</truncated>
		<difficult>0</difficult>
		<bndbox>
			<xmin>1098</xmin>
			<ymin>1902</ymin>
			<xmax>1276</xmax>
			<ymax>2080</ymax>
		</bndbox>
	</object>
	<object>
		<name>bot</name>
		<pose>Unspecified</pose>
		<truncated>0</truncated>
		<difficult>0</difficult>
		<bndbox>
			<xmin>1540</xmin>
			<ymin>2112</ymin>
			<xmax>1708</xmax>
			<ymax>2293</ymax>
		</bndbox>
	</object>
	<object>
		<name>bot</name>
		<pose>Unspecified</pose>
		<truncated>0</truncated>
		<difficult>0</difficult>
		<bndbox>
			<xmin>2563</xmin>
			<ymin>1505</ymin>
			<xmax>2714</xmax>
			<ymax>1664</ymax>
		</bndbox>
	</object>
	<object>
		<name>bot</name>
		<pose>Unspecified</pose>
		<truncated>0</truncated>
		<difficult>0</difficult>
		<bndbox>
			<xmin>3785</xmin>
			<ymin>2083</ymin>
			<xmax>3940</xmax>
			<ymax>2241</ymax>
		</bndbox>
	</object>
</annotation>
