<annotation>
	<folder>input</folder>
	<filename>9.jpg</filename>
	<path>C:\Users\Swetha\Desktop\annotation\input\9.jpg</path>
	<source>
		<database>Unknown</database>
	</source>
	<size>
		<width>2436</width>
		<height>2116</height>
		<depth>3</depth>
	</size>
	<segmented>0</segmented>
	<object>
		<name>arena</name>
		<pose>Unspecified</pose>
		<truncated>0</truncated>
		<difficult>0</difficult>
		<bndbox>
			<xmin>76</xmin>
			<ymin>389</ymin>
			<xmax>2301</xmax>
			<ymax>1664</ymax>
		</bndbox>
	</object>
	<object>
		<name>bot</name>
		<pose>Unspecified</pose>
		<truncated>0</truncated>
		<difficult>0</difficult>
		<bndbox>
			<xmin>942</xmin>
			<ymin>1439</ymin>
			<xmax>1048</xmax>
			<ymax>1532</ymax>
		</bndbox>
	</object>
	<object>
		<name>bot</name>
		<pose>Unspecified</pose>
		<truncated>0</truncated>
		<difficult>0</difficult>
		<bndbox>
			<xmin>1085</xmin>
			<ymin>394</ymin>
			<xmax>1180</xmax>
			<ymax>487</ymax>
		</bndbox>
	</object>
	<object>
		<name>bot</name>
		<pose>Unspecified</pose>
		<truncated>0</truncated>
		<difficult>0</difficult>
		<bndbox>
			<xmin>1223</xmin>
			<ymin>385</ymin>
			<xmax>1317</xmax>
			<ymax>485</ymax>
		</bndbox>
	</object>
	<object>
		<name>bot</name>
		<pose>Unspecified</pose>
		<truncated>0</truncated>
		<difficult>0</difficult>
		<bndbox>
			<xmin>1335</xmin>
			<ymin>391</ymin>
			<xmax>1437</xmax>
			<ymax>480</ymax>
		</bndbox>
	</object>
</annotation>
