<annotation>
	<folder>input</folder>
	<filename>90.jpg</filename>
	<path>C:\Users\Swetha\Desktop\annotation\input\90.jpg</path>
	<source>
		<database>Unknown</database>
	</source>
	<size>
		<width>4000</width>
		<height>3000</height>
		<depth>3</depth>
	</size>
	<segmented>0</segmented>
	<object>
		<name>arena</name>
		<pose>Unspecified</pose>
		<truncated>0</truncated>
		<difficult>0</difficult>
		<bndbox>
			<xmin>318</xmin>
			<ymin>247</ymin>
			<xmax>3869</xmax>
			<ymax>2225</ymax>
		</bndbox>
	</object>
	<object>
		<name>bot</name>
		<pose>Unspecified</pose>
		<truncated>0</truncated>
		<difficult>0</difficult>
		<bndbox>
			<xmin>1376</xmin>
			<ymin>2096</ymin>
			<xmax>1537</xmax>
			<ymax>2267</ymax>
		</bndbox>
	</object>
	<object>
		<name>bot</name>
		<pose>Unspecified</pose>
		<truncated>0</truncated>
		<difficult>0</difficult>
		<bndbox>
			<xmin>1750</xmin>
			<ymin>1305</ymin>
			<xmax>1895</xmax>
			<ymax>1464</ymax>
		</bndbox>
	</object>
	<object>
		<name>bot</name>
		<pose>Unspecified</pose>
		<truncated>0</truncated>
		<difficult>0</difficult>
		<bndbox>
			<xmin>2382</xmin>
			<ymin>1480</ymin>
			<xmax>2511</xmax>
			<ymax>1647</ymax>
		</bndbox>
	</object>
	<object>
		<name>bot</name>
		<pose>Unspecified</pose>
		<truncated>0</truncated>
		<difficult>0</difficult>
		<bndbox>
			<xmin>3550</xmin>
			<ymin>2044</ymin>
			<xmax>3692</xmax>
			<ymax>2186</ymax>
		</bndbox>
	</object>
</annotation>
