<annotation>
	<folder>input</folder>
	<filename>91.jpg</filename>
	<path>C:\Users\Swetha\Desktop\annotation\input\91.jpg</path>
	<source>
		<database>Unknown</database>
	</source>
	<size>
		<width>4000</width>
		<height>3000</height>
		<depth>3</depth>
	</size>
	<segmented>0</segmented>
	<object>
		<name>arena</name>
		<pose>Unspecified</pose>
		<truncated>0</truncated>
		<difficult>0</difficult>
		<bndbox>
			<xmin>156</xmin>
			<ymin>209</ymin>
			<xmax>3989</xmax>
			<ymax>2370</ymax>
		</bndbox>
	</object>
	<object>
		<name>bot</name>
		<pose>Unspecified</pose>
		<truncated>0</truncated>
		<difficult>0</difficult>
		<bndbox>
			<xmin>1711</xmin>
			<ymin>1357</ymin>
			<xmax>1882</xmax>
			<ymax>1535</ymax>
		</bndbox>
	</object>
	<object>
		<name>bot</name>
		<pose>Unspecified</pose>
		<truncated>0</truncated>
		<difficult>0</difficult>
		<bndbox>
			<xmin>1298</xmin>
			<ymin>2235</ymin>
			<xmax>1466</xmax>
			<ymax>2412</ymax>
		</bndbox>
	</object>
	<object>
		<name>bot</name>
		<pose>Unspecified</pose>
		<truncated>0</truncated>
		<difficult>0</difficult>
		<bndbox>
			<xmin>2411</xmin>
			<ymin>670</ymin>
			<xmax>2550</xmax>
			<ymax>851</ymax>
		</bndbox>
	</object>
	<object>
		<name>bot</name>
		<pose>Unspecified</pose>
		<truncated>0</truncated>
		<difficult>0</difficult>
		<bndbox>
			<xmin>3708</xmin>
			<ymin>2183</ymin>
			<xmax>3856</xmax>
			<ymax>2341</ymax>
		</bndbox>
	</object>
</annotation>
