<annotation>
	<folder>input</folder>
	<filename>92.jpg</filename>
	<path>C:\Users\Swetha\Desktop\annotation\input\92.jpg</path>
	<source>
		<database>Unknown</database>
	</source>
	<size>
		<width>4000</width>
		<height>3000</height>
		<depth>3</depth>
	</size>
	<segmented>0</segmented>
	<object>
		<name>arena</name>
		<pose>Unspecified</pose>
		<truncated>0</truncated>
		<difficult>0</difficult>
		<bndbox>
			<xmin>218</xmin>
			<ymin>518</ymin>
			<xmax>3666</xmax>
			<ymax>2335</ymax>
		</bndbox>
	</object>
	<object>
		<name>bot</name>
		<pose>Unspecified</pose>
		<truncated>0</truncated>
		<difficult>0</difficult>
		<bndbox>
			<xmin>1260</xmin>
			<ymin>2254</ymin>
			<xmax>1411</xmax>
			<ymax>2409</ymax>
		</bndbox>
	</object>
	<object>
		<name>bot</name>
		<pose>Unspecified</pose>
		<truncated>0</truncated>
		<difficult>0</difficult>
		<bndbox>
			<xmin>1598</xmin>
			<ymin>851</ymin>
			<xmax>1750</xmax>
			<ymax>1015</ymax>
		</bndbox>
	</object>
	<object>
		<name>bot</name>
		<pose>Unspecified</pose>
		<truncated>0</truncated>
		<difficult>0</difficult>
		<bndbox>
			<xmin>2140</xmin>
			<ymin>476</ymin>
			<xmax>2269</xmax>
			<ymax>618</ymax>
		</bndbox>
	</object>
	<object>
		<name>bot</name>
		<pose>Unspecified</pose>
		<truncated>0</truncated>
		<difficult>0</difficult>
		<bndbox>
			<xmin>3369</xmin>
			<ymin>2144</ymin>
			<xmax>3498</xmax>
			<ymax>2302</ymax>
		</bndbox>
	</object>
</annotation>
