<annotation>
	<folder>input</folder>
	<filename>99.jpg</filename>
	<path>C:\Users\Swetha\Desktop\annotation\input\99.jpg</path>
	<source>
		<database>Unknown</database>
	</source>
	<size>
		<width>4000</width>
		<height>3000</height>
		<depth>3</depth>
	</size>
	<segmented>0</segmented>
	<object>
		<name>arena</name>
		<pose>Unspecified</pose>
		<truncated>1</truncated>
		<difficult>0</difficult>
		<bndbox>
			<xmin>547</xmin>
			<ymin>312</ymin>
			<xmax>4000</xmax>
			<ymax>2186</ymax>
		</bndbox>
	</object>
	<object>
		<name>bot</name>
		<pose>Unspecified</pose>
		<truncated>0</truncated>
		<difficult>0</difficult>
		<bndbox>
			<xmin>1772</xmin>
			<ymin>2051</ymin>
			<xmax>1921</xmax>
			<ymax>2189</ymax>
		</bndbox>
	</object>
	<object>
		<name>bot</name>
		<pose>Unspecified</pose>
		<truncated>0</truncated>
		<difficult>0</difficult>
		<bndbox>
			<xmin>1911</xmin>
			<ymin>1647</ymin>
			<xmax>2072</xmax>
			<ymax>1789</ymax>
		</bndbox>
	</object>
	<object>
		<name>bot</name>
		<pose>Unspecified</pose>
		<truncated>0</truncated>
		<difficult>0</difficult>
		<bndbox>
			<xmin>2534</xmin>
			<ymin>1680</ymin>
			<xmax>2682</xmax>
			<ymax>1831</ymax>
		</bndbox>
	</object>
	<object>
		<name>bot</name>
		<pose>Unspecified</pose>
		<truncated>0</truncated>
		<difficult>0</difficult>
		<bndbox>
			<xmin>3305</xmin>
			<ymin>2041</ymin>
			<xmax>3466</xmax>
			<ymax>2186</ymax>
		</bndbox>
	</object>
</annotation>
